row_id,사업명,출처,지원성격,지원방식,지원단위,기업당지원한도,기업당액_산출,지원기업수,지원비율,사업기간,기간_근거,수치축_개수,비교군_percentile,극단축_개수,상식범위밖,층_품질,층_축수,층_비교군,원문발췌,라벨,라벨근거,라벨러
EXCEL2023_0881,2023년 친환경설비투자 융자사업,taxonomy,융자,loan,company,10.0억원,stated_cap,,,10.0,context,2,"사업기간 P90(n=91,성격x방식x출처) / 기업(과제)당 지원한도 P58(n=55,성격x방식x단위x출처)",1,False,A_직접기재,축2,융자 · loan · company,"10억원 한도, 변동금리, 대출기간 10년 ⑤ 설명: 담보대출 / 토지매입비, 부가가치세, 임대, 매각(판매)등의 수익 목적시설 등 지원 제외",,,
EXCEL2022_0619,2022년 콘텐츠 지재권 보호 지원,taxonomy,컨설팅,grant,company,6000.0만원,stated_cap,,70.0,,no_duration_evidence,2,"기업(과제)당 지원한도 P75(n=80,성격x방식x단위x출처) / 지원비율 P45(n=58,성격x방식x출처)",0,False,A_직접기재,축2,컨설팅 · grant · company,"60백만원 이내, 자부담 30%",,,
PBLN_000000000104962,[충북] 2025년 청년창업 우수기업 맞춤형 지원사업 모집 공고,bizinfo,사업화,grant,company,1600.0만원,stated_cap,8.0,,,,2,"지원 기업/과제 수 P57(n=220,성격x방식x단위x출처) / 기업(과제)당 지원한도 P55(n=286,성격x방식x단위x출처)",0,False,A_직접기재,축2,사업화 · grant · company,[충북] 2025년 청년창업 우수기업 맞춤형 지원사업 모집 공고,,,
EXCEL2022_0842,2022년 강한 소상공인 성장지원,taxonomy,사업화,grant,team,1.0억원,stated_cap,30.0,,,no_duration_evidence,2,"기업(과제)당 지원한도 P75(n=9,단위) / 지원 기업/과제 수 P49(n=12,단위)",0,False,A_직접기재,축2,사업화 · grant · 기타단위,"30개, 팀당 100백만원 이내(1차 50백만원, 2차 50백만원 추가) / 2차 10~20개팀 지원",,,
EXCEL2023_0520,2023년 중소기업 스마트제조혁신 지원(투자연계형 스마트공장),taxonomy,설비,grant,company,,,9.0,50.0,3.0,hint_only,3,"지원비율 P25(n=57,성격x방식x출처) / 지원 기업/과제 수 P29(n=35,성격x방식x단위x출처) / 사업기간 P58(n=566,전체)",0,False,C_의심,축3,설비 · grant · company,"9개, 200백만원, 자부담 50% ⑤ 설명: 공급기업은 VC 등으로부터 공고일 기준 최근 3년간 5억원 이상 투자유치 필요",,,
PBLN_000000000072367,[경남] 일시멈춤 특별자금(2022년 소상공인 정책자금 지원계획 공고),bizinfo,융자,loan,,500.0억원,budget_div_count,6.0,,,,2,비교군 부족,0,True,C_의심,축2,융자 · loan · 단위미상,[경남] 일시멈춤 특별자금(2022년 소상공인 정책자금 지원계획 공고),,,
PBLN_000000000120422,[경남] 2026년 중소기업육성자금 특별자금(이란사태 피해 관련) 지원계획 수정 공고,bizinfo,융자,loan,company,5.0억원,stated_cap,14.0,,,no_duration_evidence,2,"지원 기업/과제 수 P76(n=65,성격x방식x단위x출처) / 기업(과제)당 지원한도 P75(n=94,성격x방식x단위x출처)",0,False,A_직접기재,축2,융자 · loan · company,"  최근 이란사태에 따라 도내 중동지역 수출 중소기업 금융부담 해소를 위한 2026년 경상남도 중소기업육성자금 특별자금(이란사태 피해 관련) 지원 계획을 다음과 같이 수정 공고합니다.  ☞ 「중소기업기본법」제2조에 따른 중소기업으로 주사무소(본사)와 사업장이 모두 경남에 소재하고, '26. 1월 1일 이후 대중동 직접수출",,,
EXCEL2022_0570,2022년 출판콘텐츠 다중활용 사업화 지원,taxonomy,사업화,grant,company,4000.0만원,stated_cap,4.0,90.0,,no_duration_evidence,3,"지원 기업/과제 수 P10(n=258,성격x방식x단위x출처) / 지원비율 P90(n=267,성격x방식x출처) / 기업(과제)당 지원한도 P18(n=316,성격x방식x단위x출처)",2,False,A_직접기재,축3,사업화 · grant · company,"4개, 40백만원 이내, 자부담 10%(지원금액)",,,
EXCEL2022_0248,2022년 만화·웹툰 신진 에이전트 육성 지원,taxonomy,고용보조,grant,company,5000.0만원,stated_cap,12.0,90.0,,no_duration_evidence,3,"기업(과제)당 지원한도 P100(n=62,성격x방식x단위) / 지원비율 P90(n=35,성격) / 지원 기업/과제 수 P52(n=47,성격x방식x단위)",2,False,A_직접기재,축3,고용보조 · grant · company,"12개, 50백만원 이내, 자부담 10% ⑤ 설명: 참여기업은 2인 이상을 신규 고용하고, 신진 에이전트 3인 이상 육성 필수",,,
PBLN_000000000104669,[경기] 안산시 2025년 현장노동자 휴게시설 개선 지원사업 공고,bizinfo,설비,grant,,3500.0만원,budget_div_count,2.0,80.0,,,3,"지원비율 P90(n=82,성격x방식)",1,False,B_파생,축3,설비 · grant · 단위미상,[경기] 안산시 2025년 현장노동자 휴게시설 개선 지원사업 공고,,,
PBLN_000000000071597,공공구매?실무교육(2022년 여성기업육성사업 통합 공고),bizinfo,사업화,grant,company,400.0만원,stated_cap,12.0,,,,2,"기업(과제)당 지원한도 P20(n=286,성격x방식x단위x출처) / 지원 기업/과제 수 P71(n=220,성격x방식x단위x출처)",0,False,A_직접기재,축2,사업화 · grant · company,공공구매?실무교육(2022년 여성기업육성사업 통합 공고),,,
PBLN_000000000117711,[경기] 포천시 2026년 중소기업 육성자금 융자지원 (이자차액 보전) 계획 공고,bizinfo,융자,loan,company,2.0억원,stated_cap,9.0,,3.0,hint_only,3,"사업기간 P75(n=60,성격x방식x출처) / 기업(과제)당 지원한도 P39(n=94,성격x방식x단위x출처) / 지원 기업/과제 수 P50(n=65,성격x방식x단위x출처)",0,False,A_직접기재,축3,융자 · loan · company,2억원  경제적 어려움을 겪고 있는 포천시 제조업체에 육성자금 융자지원을 통해 안정적인 경영활동을 도모하고 기업경쟁력을 강화하기 위한 2026년 포천시 중소기업 육성자금 융자지원(이자차액 보전) 계획을 다음과 같이 공고합니다.  ☞ 「중소기업기본법」 제2조에 따른 중소기업으로 신청일 현재 포천시에 본사와 공장이 모두 소재,,,
PBLN_000000000047357,[강원] 강원산불피해복구 소상공인 지원사업 공고,bizinfo,컨설팅,grant,,14.3만원,budget_div_count,350.0,,,,2,비교군 부족,0,False,B_파생,축2,컨설팅 · grant · 단위미상,[강원] 강원산불피해복구 소상공인 지원사업 공고,,,
EXCEL2022_0177,2022년 신성장동력 기술사업화 지원사업,taxonomy,사업화,voucher,company,1200.0만원,stated_cap,,75.0,,no_duration_evidence,2,"기업(과제)당 지원한도 P26(n=650,성격x단위) / 지원비율 P38(n=377,성격)",0,False,A_직접기재,축2,사업화 · voucher · company,"12백만원 이내, 자부담 25% ⑤ 설명: 서비스는 바우처 방식으로 제공 되며, 기술사업성 분석 또는 BM기획 중 택일하여 서비스 이용",,,
EXCEL2023_0576,2023년 신용보증기금 매출채권보험,taxonomy,매출채권,loan,company,1.0억원,stated_cap,,,1.0,bare,2,"사업기간 P25(n=566,전체) / 기업(과제)당 지원한도 P58(n=1726,단위)",0,False,A_직접기재,축2,기타성격 · loan · company,"[보험한도] 50백만원(온라인 상거래지수보험은 100백만원), [보험기간] 1년, [보험료] 보험금액의 1.3~1.9% ⑤ 설명: 보험금액 또는 '실제손해금액에 보상률(70~80%)을 곱한 금액' 중 적은 금액을 보험금으로 지급 / 지원규모는 온라인매출채권보험에 한하며, 보험상품 종류에 따라 보험한도 상이",,,
PBLN_000000000125127,[경남] 2026년 3분기 중소기업육성자금 일반자금 지원계획 공고,bizinfo,융자,loan,company,20.0억원,stated_cap,14.0,,,no_duration_evidence,2,"기업(과제)당 지원한도 P90(n=94,성격x방식x단위x출처) / 지원 기업/과제 수 P76(n=65,성격x방식x단위x출처)",1,False,A_직접기재,축2,융자 · loan · company,"  「경상남도 중소기업육성자금 지원 조례」제8조에 따라 2026년 경상남도 중소기업 육성자금 3분기 일반자금 융자(이차보전) 지원계획을 다음과 같이 공고합니다.  ☞ 경상남도에 소재한「중소기업기본법」제2조에 따른 중소기업으로서 지원 제외대상에 해당되지 않고, 자금별 세부 지원대상에 해당하는 기업 ※ 자금별 지원대상이 상이",,,
EXCEL2022_0105,2022년 디지털전환 K-SW기술개발지원사업(후속연계 개발 R&D),taxonomy,연구개발,grant,company,3.0억원,stated_cap,4.0,80.0,1.0,hint_only,4,"지원비율 P90(n=139,성격x방식x출처) / 사업기간 P10(n=126,성격x방식x출처) / 기업(과제)당 지원한도 P19(n=121,성격x방식x단위x출처) / 지원 기업/과제 수 P25(n=115,성격x방식x단위x출처)",2,False,A_직접기재,축4,연구개발 · grant · company,"4개, 1년간 200백만원(2개) 또는 300백만원(2개) 이내, 자부담 20%",,,
EXCEL2022_0492,2022년 방송장비 활성화 지원(방송장비기업 바우처),taxonomy,사업화,voucher,company,1000.0만원,stated_cap,18.0,70.0,,no_duration_evidence,3,"기업(과제)당 지원한도 P24(n=650,성격x단위) / 지원비율 P25(n=377,성격) / 지원 기업/과제 수 P63(n=542,성격x단위)",0,False,A_직접기재,축3,사업화 · voucher · company,"18개, 10백만원 이내, 자부담 30%",,,
PBLN_000000000118917,[경남] 진주시 2026년 창업기업 신용보증수수료 지원사업 공고,bizinfo,사업화,loan,company,200.0만원,stated_cap,,,7.0,hint_only,2,"기업(과제)당 지원한도 P0(n=650,성격x단위) / 사업기간 P100(n=102,성격)",2,False,A_직접기재,축2,사업화 · loan · company,2백만원  2026년 창업기업 신용보증수수료 지원사업을 다음과 같이 공고합니다.  ☞ 공고일 기준 창업 7년 이내 중소기업으로 진주시 소재 본사 또는 주사무소와 공장등록을 필한 제조업체(한국표준산업분류기준)  ☞ 창업 중소기업의 기업자금 융자담보를 위한 신용보증수수료 지원 - 2026년 납부한 보증수수료의 50%(업체당 ,,,
EXCEL2022_0101,2022년 ICT R&D 혁신 바우처,taxonomy,연구개발,grant,company,8.0억원,stated_cap,,75.0,1.0,hint_only,3,"사업기간 P10(n=126,성격x방식x출처) / 지원비율 P25(n=139,성격x방식x출처) / 기업(과제)당 지원한도 P59(n=121,성격x방식x단위x출처)",1,False,A_직접기재,축3,연구개발 · grant · company,"[융합촉진] 1년간 500백만원 이내 / [중기지원] 2년간 800백만원 이내 / [공통] 자부담25% ⑤ 설명: [지원분야] 스마트시티, 스마트공장, 스마트 팜, 핀테크, 에너지산업, 드론, 바이오헬스, 미래자동차, 5G, AI, 비대면서비스 등",,,
EXCEL2022_0461,2022년 업종별 경쟁력 강화사업,taxonomy,사업화,grant,company,1.0억원,stated_cap,25.0,80.0,,no_duration_evidence,3,"지원 기업/과제 수 P64(n=258,성격x방식x단위x출처) / 기업(과제)당 지원한도 P50(n=316,성격x방식x단위x출처) / 지원비율 P50(n=267,성격x방식x출처)",0,False,A_직접기재,축3,사업화 · grant · company,"25개 컨소시엄, 30~100백만원 이내, 자부담 20% - 지원품목은 ①~⑥ 중 하나만 선택 가능 - (① 기술·제품개발, ② 공정개선) 100백만원 이내, 자부담 20% - (③ 정보시스템 구축, ④ 경영·서비스 개선) 50백만원 이내, 자부담 20% - (⑤ 마케팅·판로개척, ⑥ 성능향상·표준인증) 30백만원 이내,",,,
EXCEL2023_0485,2023년 국가별 맞춤형 수출지원사업(로봇),taxonomy,해외수주·실증,grant,company,1.6억원,stated_cap,2.0,50.0,,no_duration_evidence,3,"지원 기업/과제 수 P10(n=1321,단위) / 지원비율 P10(n=957,전체) / 기업(과제)당 지원한도 P68(n=1726,단위)",2,False,A_직접기재,축3,기타성격 · grant · company,"2개, 160백만원 내외, 해외수요처 자부담 50%",,,
PBLN_000000000039623,2019년 구매조건부신제품개발사업 민관공동투자 2차 Fast-Track과제 접수 공고(중소기업상용화기술개발사,bizinfo,연구개발,grant,project,10.0억원,stated_cap,3.0,,,,2,"지원 기업/과제 수 P25(n=43,성격x방식x단위) / 기업(과제)당 지원한도 P59(n=41,성격x방식x단위)",0,False,A_직접기재,축2,연구개발 · grant · project,2019년 구매조건부신제품개발사업 민관공동투자 2차 Fast-Track과제 접수 공고(중소기업상용화기술개발사업),,,
PBLN_000000000117490,[전북] 남원시 2026년 중소기업육성기금 지원계획 공고,bizinfo,융자,loan,,20.0억원,budget_div_count,4.0,,,no_duration_evidence,2,비교군 부족,0,False,B_파생,축2,융자 · loan · 단위미상,5억원  관내 소재 중소기업의 운전자금 및 시설자금에 대한 이차보전 지원으로 자금난 완화와 경영 안정을 도모하기 위하여「남원시 중소기업육성기금 설치 및 운영조례」제8조 규정에 따라 ‘2026년도 남원시 중소기업 육성기금 지원계획’을 다음과 같이 공고합니다.  ☞ 남원시에 한국표준산업분류 상 제조업 공장이 소재한 「중소기업,,,
PBLN_000000000118209,2026년 중소기업 연구인력지원사업 공고,bizinfo,고용보조,grant,company,1720.0만원,stated_cap,775.0,,,no_duration_evidence,2,"지원 기업/과제 수 P100(n=38,성격x방식x단위x출처) / 기업(과제)당 지원한도 P72(n=47,성격x방식x단위x출처)",1,False,A_직접기재,축2,고용보조 · grant · company,"  「2026년 중소기업 연구인력지원사업 시행계획」을 다음과 같이 공고하오니, 동 사업에 참여하고자 하는 중소기업은 사업 안내에 따라 신청하시기 바랍니다.  ☞ 「중소기업기본법」제2조에 따른 중소기업으로, 기업부설연구소 또는 연구개발전담부서를 보유한 중소기업 등 ※ 지원사업별 지원대상이 상이하므로 자세한 지원대상 공고문 ",,,
PBLN_000000000073086,[울산] 2022년 글로벌 강소기업 육성사업 지원 대상기업 모집 연장 공고,bizinfo,연구개발,grant,company,2000.0만원,stated_cap,6.0,,,,2,"지원 기업/과제 수 P34(n=140,성격x방식x단위) / 기업(과제)당 지원한도 P54(n=34,성격x방식x단위x출처)",0,False,A_직접기재,축2,연구개발 · grant · company,[울산] 2022년 글로벌 강소기업 육성사업 지원 대상기업 모집 연장 공고,,,
EXCEL2023_0209,2023년 농식품 FTA특혜관세활용지원,taxonomy,컨설팅,service,,,,100.0,,1.0,bare,2,"사업기간 P25(n=566,전체)",0,False,B_파생,축2,컨설팅 · 기타방식 · 단위미상,"100개, 기본 3~6일 컨설팅 제공 ⑤ 설명: 지원기업은 컨설팅 이외 수출안정망 보험(수출대금 미회수 위험대비 2만달러 이내 1년 보장) 지원",,,
PBLN_000000000074383,[대구] 2022년 혁신전문인력 채용지원사업 참여기업 모집 공고,bizinfo,고용보조,grant,company,1500.0만원,budget_div_count,1.0,,,,2,"지원 기업/과제 수 P10(n=38,성격x방식x단위x출처) / 기업(과제)당 지원한도 P67(n=47,성격x방식x단위x출처)",1,False,B_파생,축2,고용보조 · grant · company,[대구] 2022년 혁신전문인력 채용지원사업 참여기업 모집 공고,,,
PBLN_000000000082690,[강원] 창업 및 경쟁력강화자금(2023년 중소기업육성자금 지원계획 공고),bizinfo,융자,grant,,212.5억원,budget_div_count,12.0,,,,2,비교군 부족,0,True,C_의심,축2,융자 · grant · 단위미상,[강원] 창업 및 경쟁력강화자금(2023년 중소기업육성자금 지원계획 공고),,,
EXCEL2022_0431,2022년 해외운송비 및 수출마케팅 지원사업(로봇),taxonomy,판로,grant,company,1200.0만원,stated_cap,5.0,70.0,,no_duration_evidence,3,"지원 기업/과제 수 P10(n=54,성격x방식x단위x출처) / 지원비율 P25(n=43,성격x방식x출처) / 기업(과제)당 지원한도 P42(n=68,성격x방식x단위x출처)",1,False,A_직접기재,축3,판로 · grant · company,"5개, 12백만원 이내, 자부담 30%",,,
PBLN_000000000048393,산업혁신인재성장지원(R&D)(2020년 산업기술혁신사업 통합 시행계획 공고),bizinfo,연구개발,grant,project,45.0억원,stated_cap,3.0,80.0,,,3,"기업(과제)당 지원한도 P90(n=41,성격x방식x단위) / 지원비율 P90(n=154,성격x방식) / 지원 기업/과제 수 P25(n=43,성격x방식x단위)",2,False,A_직접기재,축3,연구개발 · grant · project,산업혁신인재성장지원(R&D)(2020년 산업기술혁신사업 통합 시행계획 공고),,,
PBLN_000000000121888,[전남] 2026년 중소기업 육성자금 지원계획 2차 변경 공고,bizinfo,융자,grant,company,10.0억원,stated_cap,13.0,,,no_duration_evidence,2,"기업(과제)당 지원한도 P90(n=47,성격x방식x단위x출처) / 지원 기업/과제 수 P50(n=32,성격x방식x단위x출처)",1,False,A_직접기재,축2,융자 · grant · company,"  「전라남도 중소기업 육성기금 조례」제12조의 규정에 따라 2026년도 전라남도 중소기업 육성자금 지원계획을 다음과 같이 변경 공고합니다.  ☞ 전라남도 내 중소기업 ※ 자금별 신청자격 상이하므로, 자세한 지원대상 공고문 참조  ☞ 중소기업경영안정자금, 공제사업기금, 창업 및 경쟁력 강화자금, 벤처기업 육성자금, 중소유",,,
PBLN_000000000124771,[대구] 2026년 3차 대학-기업 공동 기술ㆍ제품 기획지원 사업 모집 공고(대구형 R&D 전주기 지원체계 ,bizinfo,사업화,grant,company,2000.0만원,stated_cap,1.0,,,no_duration_evidence,2,"지원 기업/과제 수 P10(n=220,성격x방식x단위x출처) / 기업(과제)당 지원한도 P58(n=286,성격x방식x단위x출처)",1,False,A_직접기재,축2,사업화 · grant · company,"20,000천원  경북대학교 지산학연협력기술연구소에서 수행하는「대구형 R&D 전주기 지원체계 구축」사업의「대학-기업 공동 기술/제품 기획지원」사업을 아래와 같이 공고하오니 대구 지역 기업의 많은 참여 바랍니다.  ☞ 신청서 접수일 기준 대구 지역(사업자등록증 기준) 內에 소재하는 중소ㆍ중견기업 중 대구 5대 신산업 분야 ",,,
PBLN_000000000104420,[울산] 2025년 1차 지식재산 긴급지원 사업 모집 공고,bizinfo,컨설팅,grant,company,2000.0만원,stated_cap,26.0,,,,2,"기업(과제)당 지원한도 P80(n=69,성격x방식x단위x출처) / 지원 기업/과제 수 P78(n=39,성격x방식x단위x출처)",0,False,A_직접기재,축2,컨설팅 · grant · company,[울산] 2025년 1차 지식재산 긴급지원 사업 모집 공고,,,
PBLN_000000000073486,[부산] 2022년 4차 산업 분야 청년 창업기업 레벨업 지원사업 참여기업 모집 공고,bizinfo,고용보조,grant,company,500.0만원,stated_cap,28.0,,,,2,"지원 기업/과제 수 P76(n=38,성격x방식x단위x출처) / 기업(과제)당 지원한도 P40(n=47,성격x방식x단위x출처)",0,False,A_직접기재,축2,고용보조 · grant · company,[부산] 2022년 4차 산업 분야 청년 창업기업 레벨업 지원사업 참여기업 모집 공고,,,
PBLN_000000000106461,[인천] 2025년 글로벌 스케일업 캠퍼스-글로벌 인증ㆍ특허 브릿지  지원 기업 모집 공고,bizinfo,사업화,grant,company,400.0만원,stated_cap,5.0,,,,2,"기업(과제)당 지원한도 P20(n=286,성격x방식x단위x출처) / 지원 기업/과제 수 P42(n=220,성격x방식x단위x출처)",0,False,A_직접기재,축2,사업화 · grant · company,[인천] 2025년 글로벌 스케일업 캠퍼스-글로벌 인증ㆍ특허 브릿지  지원 기업 모집 공고,,,
EXCEL2023_0125,2023년 연구산업육성사업(프로토파이핑 전문기업 육성),taxonomy,사업화,grant,project,7.0억원,stated_cap,3.0,80.0,1.0,hint_only,4,"기업(과제)당 지원한도 P100(n=80,성격x방식x단위) / 사업기간 P10(n=57,성격x방식x출처) / 지원 기업/과제 수 P38(n=53,성격x방식x단위) / 지원비율 P50(n=267,성격x방식x출처)",2,False,A_직접기재,축4,사업화 · grant · project,"3개, 1년간 700백만원, 자부담 20% ⑤ 설명: 선정 컨소시엄은 공공연구기관이 보유한 공공기술을 대상으로 10건 이상의 시작품 제작 필요",,,
EXCEL2023_0872,2023년 자원순환 성과관리 이행지원사업,taxonomy,설비,grant,company,1.0억원,stated_cap,25.0,50.0,3.0,hint_only,4,"지원비율 P25(n=57,성격x방식x출처) / 기업(과제)당 지원한도 P37(n=57,성격x방식x단위x출처) / 사업기간 P58(n=566,전체) / 지원 기업/과제 수 P51(n=35,성격x방식x단위x출처)",0,False,A_직접기재,축4,설비 · grant · company,"25개사, 100백만원, 자부담 50% ⑤ 설명: [자원순환성과관리 대상자] 18개 업종 최근 3년간 연평균 지정 폐기물 100톤 이상 또는 지정외 폐기물 1,000톤 이상 배출 사업장",,,
PBLN_000000000084073,국내 K-뷰티 체험 홍보관 상설운영(2023년 FTA 지원사업 통합공고),bizinfo,수출통관,grant,company,8.1억원,stated_cap,8.0,50.0,,,3,"기업(과제)당 지원한도 P100(n=1726,단위) / 지원비율 P10(n=957,전체) / 지원 기업/과제 수 P42(n=1321,단위)",2,False,A_직접기재,축3,기타성격 · grant · company,국내 K-뷰티 체험 홍보관 상설운영(2023년 FTA 지원사업 통합공고),,,
EXCEL2023_0653,2022년 스마트 전통시장·상점가 R&D 지원사업,taxonomy,연구개발,grant,company,20.0억원,stated_cap,2.0,80.0,2.0,hint_only,4,"지원 기업/과제 수 P0(n=115,성격x방식x단위x출처) / 기업(과제)당 지원한도 P90(n=121,성격x방식x단위x출처) / 지원비율 P90(n=139,성격x방식x출처) / 사업기간 P50(n=126,성격x방식x출처)",3,False,A_직접기재,축4,연구개발 · grant · company,"2개, 2년간 2,000백만원 이내, 자부담 20%",,,
EXCEL2023_0599,2023년 소공인 판로개척지원,taxonomy,판로,voucher,company,2500.0만원,stated_cap,250.0,80.0,,no_duration_evidence,3,"기업(과제)당 지원한도 P79(n=190,성격x단위) / 지원 기업/과제 수 P76(n=182,성격x단위) / 지원비율 P50(n=57,성격)",0,False,A_직접기재,축3,판로 · voucher · company,"250개, 25백만원, 자부담 20%",,,
PBLN_000000000071283,[충남] 2022년 권익보호분야 지방보조금 지원계획 공고,bizinfo,고용보조,grant,,1629.7만원,budget_div_count,6.0,,,,2,비교군 부족,0,False,B_파생,축2,고용보조 · grant · 단위미상,[충남] 2022년 권익보호분야 지방보조금 지원계획 공고,,,
PBLN_000000000072437,[대구] 2022년 글로벌 강소기업 모집 공고,bizinfo,판로,grant,company,3000.0만원,stated_cap,11.0,,,,2,"기업(과제)당 지원한도 P100(n=113,성격x방식x단위x출처) / 지원 기업/과제 수 P53(n=75,성격x방식x단위x출처)",1,False,A_직접기재,축2,판로 · grant · company,[대구] 2022년 글로벌 강소기업 모집 공고,,,
PBLN_000000000104946,2025년 해양수산 글로벌 딥테크 발굴 기술개발 사업 신규과제 선정계획 공고,bizinfo,연구개발,grant,,5.0억원,budget_div_count,1.0,,,,2,비교군 부족,0,False,B_파생,축2,연구개발 · grant · 단위미상,2025년 해양수산 글로벌 딥테크 발굴 기술개발 사업 신규과제 선정계획 공고,,,
PBLN_000000000124726,[충북] 2026년 특화콘텐츠 마케팅 지원사업(팝업운영) 모집 수정 공고,bizinfo,사업화,grant,,200.0만원,budget_div_count,4.0,,,no_duration_evidence,2,비교군 부족,0,False,B_파생,축2,사업화 · grant · 단위미상,"8,000천원  충북 콘텐츠 기업이 보유한 콘텐츠 IP의 홍보 및 판로 확대를 지원하고, 지역 행사와 연계한 팝업형 마케팅을 통해 기업 및 콘텐츠의 시장 경쟁력을 강화하고자 「2026 충북 특화콘텐츠 마케팅지원사업(팝업운영)」을 다음과 같이 시행하오니 많은 참여 바랍니다.  ☞ 공고 시작일 기준 충청북도에 사업자 등록이 ",,,
EXCEL2022_0689,2022년 플랫폼종사자 일터개선 지원,taxonomy,설비,grant,company,3.0억원,stated_cap,,50.0,,no_duration_evidence,2,"기업(과제)당 지원한도 P75(n=57,성격x방식x단위x출처) / 지원비율 P25(n=57,성격x방식x출처)",0,False,A_직접기재,축2,설비 · grant · company,"300백만원 이내, 자부담 50% ⑤ 설명: 복수의 플랫폼 기업 간 컨소시엄 또는 지자체·비영리단체가 참여하는 컨소시엄 형태도 지원 가능",,,
PBLN_000000000106847,[전남] 2025년 2차 해양수산 창업투자지원센터 수혜기업 모집 공고,bizinfo,사업화,grant,project,4.6억원,stated_cap,,90.0,,,2,"기업(과제)당 지원한도 P100(n=64,성격x방식x단위x출처) / 지원비율 P90(n=51,성격x방식x출처)",2,False,A_직접기재,축2,사업화 · grant · project,[전남] 2025년 2차 해양수산 창업투자지원센터 수혜기업 모집 공고,,,
PBLN_000000000123711,[전남] 2026년 소상공인 육성자금 지원계획 변경 공고,bizinfo,융자,grant,company,2.0억원,stated_cap,13.0,3.5,,no_duration_evidence,3,"지원비율 P0(n=957,전체) / 기업(과제)당 지원한도 P38(n=47,성격x방식x단위x출처) / 지원 기업/과제 수 P50(n=32,성격x방식x단위x출처)",1,False,A_직접기재,축3,융자 · grant · company,"  「전라남도 중소기업 육성기금 조례」제12조의 규정에 따라 2026년도 전라남도 소상공인 육성자금 지원계획을 다음과 같이 공고합니다.  ☞ 전남 소재 소상공인 ※ 세부사업별 지원대상 공고문 참조  ☞ 소상공인 창업자금, 소상공인 경영안정자금 지원 ※ 자세한 지원내용 공고문 참조",,,
EXCEL2023_0768,2023년 해외실증(PoC) 지원 프로그램,taxonomy,사업화,grant,company,9000.0만원,stated_cap,30.0,70.0,22.0,bare,4,"사업기간 P100(n=57,성격x방식x출처) / 지원비율 P25(n=267,성격x방식x출처) / 지원 기업/과제 수 P70(n=258,성격x방식x단위x출처) / 기업(과제)당 지원한도 P45(n=316,성격x방식x단위x출처)",1,True,C_의심,축4,사업화 · grant · company,"30개(일반형 24, 연계사업형 6), 90백만원, 자부담 30% ⑤ 설명: 연계사업형은 신청자 중 글로벌기업 협업 프로그램 기 참여기업(‘19~‘22년) 대상으로 진행",,,
PBLN_000000000101762,[충북] 2024년 4차 ICT 융합 과제기획 지원 모집 공고(ICT 벤처ㆍ중소기업 기술개발 지원사업),bizinfo,사업화,grant,project,1500.0만원,stated_cap,2.0,,,,2,"지원 기업/과제 수 P25(n=42,성격x방식x단위x출처) / 기업(과제)당 지원한도 P50(n=64,성격x방식x단위x출처)",0,False,A_직접기재,축2,사업화 · grant · project,[충북] 2024년 4차 ICT 융합 과제기획 지원 모집 공고(ICT 벤처ㆍ중소기업 기술개발 지원사업),,,
EXCEL2022_0750,2022년 프리팁스(Pre-TIPS),taxonomy,사업화,grant,company,1.0억원,stated_cap,30.0,70.0,1.0,hint_only,4,"사업기간 P10(n=57,성격x방식x출처) / 지원비율 P25(n=267,성격x방식x출처) / 지원 기업/과제 수 P70(n=258,성격x방식x단위x출처) / 기업(과제)당 지원한도 P50(n=316,성격x방식x단위x출처)",1,False,A_직접기재,축4,사업화 · grant · company,"30개(수도권 12, 비수도권 18), 1년간 100백만원 이내, 자부담 30% ⑤ 설명: 투자자의 범위는 팁스 운영사, 액셀러레이터, 개인투자조합으로 한정",,,
PBLN_000000000051728,[충남] 2020년 서울 캐릭터 라이선싱 페어 참가업체 모집 공고,bizinfo,판로,grant,company,200.0만원,stated_cap,6.0,,,,2,"지원 기업/과제 수 P36(n=75,성격x방식x단위x출처) / 기업(과제)당 지원한도 P37(n=113,성격x방식x단위x출처)",0,False,A_직접기재,축2,판로 · grant · company,[충남] 2020년 서울 캐릭터 라이선싱 페어 참가업체 모집 공고,,,
EXCEL2022_0665,2022년 탄소산업 생태계 조성 및 확산사업(장비국산화지원),taxonomy,설비,grant,company,4.9억원,stated_cap,3.0,70.0,,no_duration_evidence,3,"지원 기업/과제 수 P10(n=35,성격x방식x단위x출처) / 기업(과제)당 지원한도 P79(n=57,성격x방식x단위x출처) / 지원비율 P75(n=57,성격x방식x출처)",1,False,A_직접기재,축3,설비 · grant · company,"3개, 490백만원 이내, 자부담 30%",,,
PBLN_000000000103925,2025년 익산형 사회적기업가 육성사업 참여자 모집 공고,bizinfo,사업화,grant,,1333.3만원,budget_div_count,3.0,90.0,,,3,"지원비율 P90(n=51,성격x방식x출처)",1,False,B_파생,축3,사업화 · grant · 단위미상,2025년 익산형 사회적기업가 육성사업 참여자 모집 공고,,,
PBLN_000000000077818,2022년 클라우드 기반 R&D 서비스(SaaS) 전환 지원 사업참여기업 모집 공고,bizinfo,연구개발,grant,company,5000.0만원,budget_div_count,1.0,,,,2,"지원 기업/과제 수 P0(n=140,성격x방식x단위) / 기업(과제)당 지원한도 P75(n=34,성격x방식x단위x출처)",1,False,B_파생,축2,연구개발 · grant · company,2022년 클라우드 기반 R&D 서비스(SaaS) 전환 지원 사업참여기업 모집 공고,,,
PBLN_000000000061478,2021년 중장년 기술창업센터 주관기관 모집 공고,bizinfo,사업화,grant,,8800.0만원,budget_div_count,8.0,,,,2,비교군 부족,0,False,B_파생,축2,사업화 · grant · 단위미상,2021년 중장년 기술창업센터 주관기관 모집 공고,,,
EXCEL2023_0403,2022년 재제조기업 맞춤형 레벨업,taxonomy,컨설팅,grant,company,2000.0만원,stated_cap,35.0,90.0,,no_duration_evidence,3,"지원비율 P90(n=58,성격x방식x출처) / 지원 기업/과제 수 P54(n=37,성격x방식x단위x출처) / 기업(과제)당 지원한도 P50(n=80,성격x방식x단위x출처)",1,False,A_직접기재,축3,컨설팅 · grant · company,"[컨설팅] 35개사 / [공정개선] 10개사, 20백만원 이내, 자부담 10% ⑤ 설명: [재제조] 사용 후 제품을 원래 성능으로 복원·생산하는 산업으로서 탄소절감 효과가 큰(신품대비 약 50~90%) 탄소중립 핵심산업",,,
PBLN_000000000097317,[부산] 2024년 해양수산산업 창업ㆍ투자지원사업 유통망 입점지원 프로그램 모집 공고,bizinfo,판로,grant,company,600.0만원,stated_cap,6.0,,,,2,"기업(과제)당 지원한도 P77(n=113,성격x방식x단위x출처) / 지원 기업/과제 수 P36(n=75,성격x방식x단위x출처)",0,False,A_직접기재,축2,판로 · grant · company,[부산] 2024년 해양수산산업 창업ㆍ투자지원사업 유통망 입점지원 프로그램 모집 공고,,,
PBLN_000000000044213,[전북] 4차 기업부설연구소 설립 지원사업 공고(전략산업 기업부설연구소 활성화 지원사업),bizinfo,컨설팅,grant,company,100.0만원,stated_cap,4.0,,,,2,"기업(과제)당 지원한도 P10(n=69,성격x방식x단위x출처) / 지원 기업/과제 수 P38(n=39,성격x방식x단위x출처)",1,False,A_직접기재,축2,컨설팅 · grant · company,[전북] 4차 기업부설연구소 설립 지원사업 공고(전략산업 기업부설연구소 활성화 지원사업),,,
PBLN_000000000099896,[충남] 아산시 2024년 2차 떡 가공공장 시설보수사업 지원계획 공고,bizinfo,설비,grant,,2000.0만원,budget_div_count,1.0,,,,2,비교군 부족,0,False,B_파생,축2,설비 · grant · 단위미상,[충남] 아산시 2024년 2차 떡 가공공장 시설보수사업 지원계획 공고,,,
PBLN_000000000103975,2025년 해양블루테크 미래리더 양성 프로젝트 신규과제 선정계획 공고,bizinfo,연구개발,grant,project,100.0억원,stated_cap,1.0,,,,2,"기업(과제)당 지원한도 P100(n=41,성격x방식x단위) / 지원 기업/과제 수 P0(n=43,성격x방식x단위)",2,True,C_의심,축2,연구개발 · grant · project,2025년 해양블루테크 미래리더 양성 프로젝트 신규과제 선정계획 공고,,,
EXCEL2023_0324,2022년 글로벌 액셀러레이팅 프로그램(론치패드),taxonomy,창업보육,grant,company,1000.0만원,stated_cap,23.0,,,no_duration_evidence,2,"기업(과제)당 지원한도 P26(n=1726,단위) / 지원 기업/과제 수 P63(n=1321,단위)",0,False,A_직접기재,축2,기타성격 · grant · company,"23개사, 사업화자금 10백만원 ⑤ 설명: 북미(마인드브릿지), 유럽(더베이커리), 중동(아스트로랩스)가 운영하는 해외액셀러레이팅 프로그램 참가",,,
EXCEL2022_0523,2022년 글로벌SaaS육성프로젝트(GSIP) 사업,taxonomy,사업화,grant,project,4.3억원,stated_cap,12.0,80.0,,no_duration_evidence,3,"기업(과제)당 지원한도 P90(n=80,성격x방식x단위) / 지원 기업/과제 수 P78(n=53,성격x방식x단위) / 지원비율 P50(n=267,성격x방식x출처)",0,False,A_직접기재,축3,사업화 · grant · project,"12개 과제, 433백만원 이내, 자부담 20% ⑤ 설명: [SaaS, Software as a Service] 클라우드 서비스로 이용하는 소프트웨어로서, 온라인 환경에서 실시간 데이터전송을 통해 소프트웨어를 사용할 수 있는 클라우드 서비스",,,
EXCEL2022_0376,2022년 샘플통관 운송비 지원,taxonomy,수출통관,grant,company,500.0만원,stated_cap,,80.0,,no_duration_evidence,2,"기업(과제)당 지원한도 P16(n=1726,단위) / 지원비율 P75(n=957,전체)",0,False,A_직접기재,축2,기타성격 · grant · company,"5백만원, 자부담 20%",,,
EXCEL2022_0417,2022년 해운·물류기업 해외진출 타당성조사 지원,taxonomy,해외수주·실증,grant,company,5000.0만원,stated_cap,,50.0,,no_duration_evidence,2,"지원비율 P10(n=957,전체) / 기업(과제)당 지원한도 P50(n=1726,단위)",1,False,A_직접기재,축2,기타성격 · grant · company,"[일반진출형] 50백만원, 자부담 50% / [인수합병·시설투자형] 80, 50%",,,
PBLN_000000000077493,인천스타트업파크ㆍ인천도시공사 Smart-X City 시민참여 리빙랩 과제 참여기업 추가모집 공고,bizinfo,사업화,grant,company,5000.0만원,stated_cap,11.0,,,,2,"기업(과제)당 지원한도 P77(n=286,성격x방식x단위x출처) / 지원 기업/과제 수 P68(n=220,성격x방식x단위x출처)",0,False,A_직접기재,축2,사업화 · grant · company,인천스타트업파크ㆍ인천도시공사 Smart-X City 시민참여 리빙랩 과제 참여기업 추가모집 공고,,,
EXCEL2023_0718,2023년 중소기업기술혁신개발사업(소부장전략),taxonomy,연구개발,grant,project,3.0억원,stated_cap,75.0,80.0,2.0,hint_only,4,"지원비율 P90(n=139,성격x방식x출처) / 지원 기업/과제 수 P89(n=43,성격x방식x단위) / 기업(과제)당 지원한도 P32(n=41,성격x방식x단위) / 사업기간 P50(n=126,성격x방식x출처)",1,False,A_직접기재,축4,연구개발 · grant · project,"75개 과제, 2년간 연 300백만원, 자부담 20% ⑤ 설명: [소부장 9대 전략 분야] ① 기계금속, ② 그린에너지, ③ 자동차, ④ 디스플레이, ⑤ 반도체, ⑥ 전기전자, ⑦ 바이오, ⑧ 미래소재, ⑨ 비대면 디지털",,,
PBLN_000000000050782,2020년 기상기후산업 종합수출 지원사업 참여기업 모집 공고,bizinfo,사업화,grant,company,700.0만원,budget_div_count,10.0,,,,2,"기업(과제)당 지원한도 P35(n=286,성격x방식x단위x출처) / 지원 기업/과제 수 P64(n=220,성격x방식x단위x출처)",0,False,B_파생,축2,사업화 · grant · company,2020년 기상기후산업 종합수출 지원사업 참여기업 모집 공고,,,
EXCEL2023_0519,2023년 중소기업 스마트제조혁신 지원(공급망연계형 스마트공장),taxonomy,설비,grant,company,2.0억원,stated_cap,,50.0,,no_duration_evidence,2,"지원비율 P25(n=57,성격x방식x출처) / 기업(과제)당 지원한도 P56(n=57,성격x방식x단위x출처)",0,False,A_직접기재,축2,설비 · grant · company,"[고도화1, 동일수준] 50백만원, 자부담 50% / [고도화1] 200백만원, 자부담 50% ⑤ 설명: 제품 개발·생산, 원재료 관리, 유통·물류 관리, 주문·판매·서비스 관리, 에너지 관리 등의 클러스터 컨소시엄 기업간 연계 및 공동 활용 가능한 스마트시스템 구축 지원",,,
EXCEL2023_0873,2023년 중소환경기업 사업화 지원,taxonomy,사업화,grant,company,3.0억원,stated_cap,115.0,70.0,,no_duration_evidence,3,"지원 기업/과제 수 P100(n=258,성격x방식x단위x출처) / 기업(과제)당 지원한도 P75(n=316,성격x방식x단위x출처) / 지원비율 P25(n=267,성격x방식x출처)",1,False,A_직접기재,축3,사업화 · grant · company,"115개(일반형 105, 녹색신산업 10), 300백만원(지원항목별 2~3개 선택), 자부담 30% ⑤ 설명: 선정기업은 정부지원금 대비 4.15배 이상 매출목표 달성 및 신규고용 필요",,,
