idx,announcement_id,category_large,agency,title,ext,n_chars,evidence,source_url,label_19class,confidence,exclude_reason,note,batch
51,PBLN_000000000123746,내수,경상남도,[경남] 2026년 소상공인 온라인입점 지원사업 참여 소상공인 모집 공고,hwp,1282,"지원내용 / * 2026년도 본 사업을 통해 기입점한 업체도 지원 가능 /  추진절차 /  공고일('26.6.29.) 기준 경남 도내 사업장을 운영 중이면서, e경남몰 입점 규정에 부합하는 소상공인 또는 여성기업 / - (소상공인) 소상공인기본법 제2조에 따른 소상공인 / - (여성기업) 여성기업법 제2조 및 동법 시행령 제2조에 따른 여성기업 / * 위 요건 충족여부는 소상공인확인서 또는 여성기업확인서로 확인 /  지원제외대상 /  신청방법 : 아래 신청서류를 갖",https://www.bizinfo.go.kr/sii/siia/selectSIIA200Detail.do?pblancId=PBLN_000000000123746,판로,높음,,e경남몰 온라인 입점 지원,M28
52,PBLN_000000000118049,인력,중소벤처기업부,2026년 중소벤처기업부 외국전문인력(E-7-1) 고용추천 공고,hwp,1004,"중소벤처기업부 공고 제2026 -51호 / 2026 중소벤처기업부 / 외국전문인력(E-7-1) 고용추천 공고 / 중소벤처기업부는 국내 중소기업과의 계약에 따라 중기부 고용추천 27개 직종에 종사하려는 외국인 유학생이 전문인력 특정활동 비자를 발급받을 수 있도록 지원하는 외국전문인력(E-7-1) 고용추천을 다음과 같이 공고합니다. / 2026년 1월 30일 / 중 소 벤 처 기 업 부 장 관 / 중소벤처기업진흥공단 이사장 / 󰊱 제도목적 / ◦ 국내 중소기업과의 계약에 따라 중기부 고용추천 27개 직종에 종사하려는 외국인 유학생에게 E-7-1 고용추천 지원 / * 단, 비자 심사 및 발급은 법무부의 소관 사항으로, 중소벤처기업부의 고용추천을 받았더라도 외국전문인력 비자(E-7-1)는 발급되지 않을 수 있으며, 비자 발급 기준 세부사항 등은 법무부에서 정하는 바에 따라 달라질 수 있음. / 󰊲 대상요건 * 단, 법무부가 정한 요건에 따라 변경될 수 있음. / - 외국인 유학생 요건 / * 추가된 3개 직종(상품기획전문가(2731), 조사 전문가(2734), 해외 영업원(2742))은 시행시기 미정(추후 공지) / ** 주1), 주2) : 고등교육법 제2조 제1호~제4호에 해당하는 대학의 학위 취득 필수 / - 사업장 주요 요건 / * 법무부 공고(제2025-406호)에 따라 ‘26.2.1.~’26.12.31.까지 임금요건 기준 적용 / 󰊳 추진절차 / 󰊱 신청기간 : 연중 상시모집 / 󰊲 신청방법 : K-Work 플랫폼(k-work.or.kr) 접수 / ◦ K-Work 플랫폼 기업회원 가입 후 접수 / 󰊳 제출서류 / ◦ 신청서는 K-Work 플랫폼에서 작성 및 제출 / * 사업자등록증, 중소기업확인서, 재무제표는 중소벤처기업진흥공단에서 확인하며, 확인이 불가한 경우 별도 제출을 요청할",https://www.bizinfo.go.kr/sii/siia/selectSIIA200Detail.do?pblancId=PBLN_000000000118049,,높음,대상밖-비지원,E-7-1 비자 고용추천. 금전 지원이 아니라 행정 추천,M28
53,PBLN_000000000123626,수출,전남광주통합특별시,[전남ㆍ광주] 2026년 중국(난징ㆍ충칭) 시장개척단 파견 참가기업 모집 공고,hwpx,5951,"지원내용: 바이어 발굴, 상담장 임차, 통역, 항공료(50%, 50만원 한도) / ※ 기업부담(약 200만 원) : 항공료 자부담분(지원 한도 외 차액), 숙박·체재비, 샘플 비용 등 / ○ 사 업 비: 60,634천원(도비) / ○ 수행기관: 코트라 광주전남지원본부 / 2. 시장 전망 및 유망품목 / ○ (중국) 우리나라 최대 수출국으로 프리미엄 소비 시장 진출 다각화 및 첨단산업 협력을 견인할 핵심 전략 시장 / ※ 유망품목 : 프리미엄 K-소비재, 첨단 소재․부품․장비",https://www.bizinfo.go.kr/sii/siia/selectSIIA200Detail.do?pblancId=PBLN_000000000123626,판로,높음,,시장개척단 파견 - 바이어 발굴·상담장·통역·항공료,M28
54,PBLN_000000000117950,금융,인천광역시,[인천] 중구 2026년 소상공인 (특례)협약보증 지원 사업 공고,hwp,1432,"지원내용 / ○ 융자한도 / - 총 보증금액 1억 원 이내 / ○ 대출금리 및 이차보전 / - 개인신용도에 따라 다름, 區 2.5%(최초 3년간) 이차보전 / ○ 지원기간 / - 1년(최대 5년까지 기한 연장 가능) / ○ 취급은행 / - 관내 하나은행 지점 / 󰊴 지원제외 대상 / ○ 신용도 판단정보 대상자 및 보증사고·대위변제 관련자 / ○ 신용보증기금·기술보증기금·재단중앙회의 보증을 이용 중인 소상공인 / ○ 사치·향락 등 재보증 제한업종, 연체 및 세금 체납 등 재보증 제",https://www.bizinfo.go.kr/sii/siia/selectSIIA200Detail.do?pblancId=PBLN_000000000117950,보증,높음,,특례협약보증 + 이차보전. 주된 수단은 보증,M28
55,PBLN_000000000119201,인력,중소벤처기업부,2026년 중소기업 연구인력 현장맞춤형 양성지원 사업 시행계획 공고,hwp,4507,"지원내용) / ◦ (level 1) 중소기업-연구인력 매칭: 연구인력 혁신센터는 중소기업 및 연구인력을 모니터링 하고 중소기업과 연구인력간 매칭 프로그램 운영 / ◦ (level 2) 예비연구자 양성과정: 예비연구자(학사/석사/박사 학위예정자)에 대한 R&D인턴 업무 수행 및 R&D 프로젝트 발굴 필수 / ※ Level2 의 경우 타 지원사업 참여 금지 / ◦ (level 3) 신진연구자 양성과정: 인턴과정(level2)을 수료한 후 기업에 정규직으로 취업 / 지원규모) / ◦ (level 2) 예비연구자 양성과정: 80개사/ 120명 내외 / ◦ (level 3) 신진연구자 양성과정: 40개사/ 40명 내외 / 다. (지원내용) / ◦ (level 1) 중소기업-연구인력 매칭: 연구인력 혁신센터는 중소기업 및 연구인력을 모니터링 하고 중소기업과 연구인력간 매칭 프로그램 운영 / ◦ (level 2) 예비연구자 양성과정: 예비연구자(학사/석사/박사 학위예정자)에 대한 R&D인턴 업무 수행 및 R&D 프로젝트 발굴 / 지원조건) 2025년부터 적용 / 라. 지원대상 / ◦ (지원기업) 중소기업 기본법 제 2조에 따른 중소기업으로, 기업부설연구소 또는 연구개발전담부서를 보유한 중소기업* 80개사 내외 / * 「기업부설연구소등의 연구개발 지원에 관한 법률」 제7조제1항에 따라 기업부설연구소 또는 연구개발전담부서로 인정받은 기업 / ◦ (연구인력) 대한민국 국적 소지자이며 학위취득(예정)자(4학년 2학기 이상) 및 구직자, 전문학사 취득 후 2년 이상의 연구경력* 보유자 / 마",https://www.bizinfo.go.kr/sii/siia/selectSIIA200Detail.do?pblancId=PBLN_000000000119201,고용보조,보통,,연구인력 매칭·인턴·정규직 채용 연계. 교육훈련과 경계,M28
56,PBLN_000000000120031,창업,경기도,[경기] 안산시 2026년 청년큐브 1:1 창업멘토링 지원 참여기업 모집 공고(청년창업인큐베이팅사업),hwp,1486,"지원내용 / ※ 기업부담금 없음, 주관기관에서 멘토에게 비용 직접 지급 / 2. 추진절차 / 3. 신청자격 / ㅇ 청년큐브 입주/졸업기업(초지, 예대, 한양, 월피) 및 관내 창업기업, 관내 대학 및 고등학교 예비창업자 등 관내 *39세 이하 청년창업가 / * 공고일 기준 39세 이하인 자(1986.3.19. 이후 출생자) / * 창업일은 개인사업자의 경우 사업개시일(사업자등록증상의 사업자등록일), 법인기업의 경우 법인등기부등본상 법인설립등기일 기준 / * 공동대표 또는 각자 / 지원규모: 20개사(팀) 내외 / 100만원(멘토링 총 4회) / ㅇ 세부지원내용 / ※ 기업부담금 없음, 주관기관에서 멘토에게 비용 직접 지급 / 2. 추진절차 / 3. 신청자격 / ㅇ 청년큐브 입주/졸업기업(초지, 예대, 한양, 월피) 및 관내 창업기업, 관내 대학 및 고등학교 예비창업자 등 관내 *39세 이하 청년창업가 / * 공고일 기준 39세 이하인 자(1986.3.19. 이후 출생자) / * 창업일은 개인사업자의 경우 사업개시일(사업자등록증상의 사업자등록일), 법인",https://www.bizinfo.go.kr/sii/siia/selectSIIA200Detail.do?pblancId=PBLN_000000000120031,컨설팅,보통,,청년 창업 1:1 멘토링 4회. 창업보육과 경계이나 수단은 멘토링,M28
57,PBLN_000000000121175,창업,중소벤처기업부,2026년 스타트업 법률지원사업 참여기업 모집 수정 공고,hwpx,5041,"지원내용 / : 「스 / 타트업 원스톱 지원센터」자문단 소속 변호사를 통한 / 온라인 법률상담 서비스 / ( / 지원기업별 최대 300만원(신청건별 최대 100만원)) / < 지원방식 및 지원 내용 > / 상담 분야 / 지원내용 / 세부 자문분야 / 법률(국내) / 기업 경영 전반에 관한 법률 상담 / 계약·거래, 지식재산·브랜드, 개인정보·데이터, 규제·인허가 대응, / 인사·노무, 투자·자금조달, 기업운영·법무, 사업정리·재도전 / 법률(해외) / * / 해외진출국에 대한 / 현지 법령 검토 등 / 미국, 중국, 일 / 지원 내용 > / 상담 분야 / 지원내용 / 세부 자문분야 / 법률(국내) / 기업 경영 전반에 관한 법률 상담 / 계약·거래, 지식재산·브랜드, 개인정보·데이터, 규제·인허가 대응, / 인사·노무, 투자·자금조달, 기업운영·법무, 사업정리·재도전 / 법률(해외) / * / 해외진출국에 대한 / 현지 법령 검토 등 / 미국, 중국, 일본, 베트남, 인도네시아, 말레이시아, 싱가포르, 독일, 프랑스, 영국, 캐나다, 몽골, 호주, 러시아, 홍콩 / * 법률(해외)은 ‘스타트업 원스톱 지원센터 자문단 소속  / 지원규모 / : / 850건 / 내외 법률상담 제공 / (국내 700건, 해외 150건) / □ / 지원내용 / : 「스 / 타트업 원스톱 지원센터」자문단 소속 변호사를 통한 / 온라인 법률상담 서비스 / ( / 지원기업별 최대 300만원(신청건별 최대 100만원)) / < 지원방식 및 지원 내용 > / 상담 분야 / 지원내용 / 세부 자문분야 / 법률(국내) / 기업 경영 전반에 관한 법률 상담 / 계약·거래, 지식재산·브랜드, 개인정보·데이터, 규제·인허가 대응, / 인사·노무, 투자·자금조달, 기업운영·법무, 사 / 지원방식 및 지원 내용 > / 상담 분야",https://www.bizinfo.go.kr/sii/siia/selectSIIA200Detail.do?pblancId=PBLN_000000000121175,상담,보통,,변호사 온라인 법률상담. 학습셋 '소상공인 무료법률구조 → 상담' 과 같은 성격,M28
58,PBLN_000000000118674,경영,경기도,[경기] 2026년 규제샌드박스 지원사업 맞춤형 컨설팅 참여기업 모집 공고,hwpx,1590,"지원내용 / - 신속확인(처리)제도 신청서 작성 지도 / - 임시허가‧실증특례 신청서 작성지도 / - 재도전 지원(특례 불승인 컨설팅에 대한 수정·보완 등) / - 신청서 작성을 위한 법률자문, 기술 및 시장조사 등 전문컨설팅 / - 규제샌드박스 신청서 작성 보완을 위한 컨설팅 등 /  지원제외 : / 국세 또는 지방세 체납 기업 등 /  기업부담금 : / 없음 (※ 경기도에서 컨설팅비용 전액 지원) / Ⅱ / 지원절차 및 체계 / ① 컨설팅 신청 / ⇨ / ② 규제 내용 및 기업 확인 / ⇨ / ③",https://www.bizinfo.go.kr/sii/siia/selectSIIA200Detail.do?pblancId=PBLN_000000000118674,컨설팅,높음,,규제샌드박스 신청서 작성 전문컨설팅,M28
59,PBLN_000000000125325,수출,기후에너지환경부,UNFCCC COP31 한국홍보관 기술전시 참여 모집 공고,hwp,2354,"지원내용) 기업별 전시 공간 제공 / ※ COP31 한국홍보관 공간 면적에 따라 전시방법 및 참여 규모 변동 가능성 有 / 2. 선정 기준(안) / ㅇ (평가항목 및 배점) 정성평가 4개 항목별 점수를 합산하여, 우선순위 평가(기업별 합산점수의 최고․최저점 제외) / 3. 신청 방법 및 절차 / ㅇ (공고기간) 2026. 8. 10.(월) ~ 2026. 8. 30.(일) 16시까지 / * 한국홍보관 공식홈페이지(https://copkorea.kr/COP/110108/index",https://www.bizinfo.go.kr/sii/siia/selectSIIA200Detail.do?pblancId=PBLN_000000000125325,판로,보통,,COP31 한국홍보관 전시공간 제공. 전시회 참가 지원,M28
60,PBLN_000000000124869,경영,전남광주통합특별시,[전남광주] 2026년 지역특화형 스마트공장(식품ㆍ바이오) 구축지원사업(기초) 공고,hwp,3157,"지원규모] 20개사 / [지원대상] 전남 소재 중소·중견기업 중 스마트공장 구축이 필요한 식품, 바이오분야 제조기업 / [지원유형] 기초, 동일수준 / [신청방법] 도입기업·공급기업 컨소시엄 형태로 스마트공장 사업관리시스템(smart -factory.kr) 온라인 접수 / [사업비 구성] / * 사업비 편성시 유의사항 / 1) 기업부담금에 총사업비의 20% 내에서 '도입기업 사업관리 인력 인건비'로 현물 편성 가능 / 2) 사업비 중 H/W 구입비의 합계금액은 최대 5,00 / 사업내용 / - 전남 소재 식품, 바이오 분야 제조기업을 대상으로 지방비 60%(도 30, 시군 30)를 지원하여 스마트공장 기초단계 구축지원 / - 스마트  HACCP 또는 스마트 GMP 관련 솔루션, 설비(IoT 센서, 데이터수집, 모니터링 장비 등) 도입 지원 / ❍ 과제구분 / ❍ '26년 전남 지역특화형 스마트공장(식품, 바이오) 구축지원사업(기초) 공고 / [모집기간] 공고일로부터 ~ ‘26. 8. 21.(금), 17:00까지 / [지원규모] 20개사 / [지원대상",https://www.bizinfo.go.kr/sii/siia/selectSIIA200Detail.do?pblancId=PBLN_000000000124869,설비,높음,,스마트공장 구축 - 솔루션·IoT센서·모니터링 장비 도입,M28
61,PBLN_000000000117094,금융,충청남도,[충남] 2026년 소상공인자금 융자 지원계획 공고,hwp,3481,"융자조건(소상공인자금) / ○ 지원대상 : 충남 도내 소기업·소상공인(단,별표1 지원제외 업종 제외) / ○ 융자한도 : 최대 1억원 이내 / ○ 대출금리 / - 2년거치 일시상환 / ‣ 전액보증 : CD(91일물) + 1.7% 이내 / ‣ 부분보증 : CD(91일물) + 2.7% 이내 / - 2년거치 3년 균분상환 / ‣ 전액보증 : CD(91일물) + 1.7% 이내 / ‣ 부분보증 : CD(91일물) + 2.7% 이내 / - 2년거치 5년 균분상환 / ‣ 전액보증 : CD(91일물)",https://www.bizinfo.go.kr/sii/siia/selectSIIA200Detail.do?pblancId=PBLN_000000000117094,융자,높음,,"소상공인자금 융자한도 1억, 대출금리 명시",M28
62,PBLN_000000000118350,창업,중소벤처기업부,2026년 장애인 창업 컨설팅지원 대상자 모집 공고,hwp,2103,"2026년「장애인 창업 컨설팅」지원 대상자 모집공고 / 장애인의 창업단계별 차별화된 내용의 1:1 심층 상담을 통하여 성공적 창업을 지원하고자 아래와 같이 2026년 장애인 창업 컨설팅 대상자를 모집하오니, 많은 관심과 참여 바랍니다. / 2026년 2월 9일 / 중소벤처기업부 장관 / (재)장애인기업종합지원센터 이사장 / □ 추진목적 : 장애인 예비, 재기, 초기창업자를 대상으로 창업단계 및 상담 희망 분야별 1:1 심층 컨설팅을 제공하여 성공적인 창업 지원 / □ 모집규모 : 총 360명 내외 / □ 모집대상 : 장애인 예비창업자, 재기창업자, 3년 미만 초기창업자 / □ 모집기간 : `26. 2. 9.(월) ~ 예산 소진 시까지, 선착순 마감 / * 온라인(창업-NET)을 통해 선착순으로 접수하나, 향후 필수 제출서류 미비 시 탈락할 수 있음 / ** 창업-NET URL : http://start.debc.or.kr/main.do / □ 지원대상 / ◦ (장애인) 「장애인복지법」 제32조에 따른 장애인등록증을 발급받은 자 또는 「국가유공자 등 예우 및 지원에 관한 법률」 제6조의 4에 따른 상이등급 중 어느 하나에 해당하는 판정을 받은 자 / ◦ (예비창업자) 모집 공고일 기준 창업을 준비하는 자로서, 사업자 등록하지 않은 자 또는 모집공고일 전일(26년 2월 8일) 까지 폐업한 자 / ◦ (재기창업자) 기존 사업을 폐업하거나 양도하고, 새로운 업종*으로 전환하여 재창업하려는 자 / * 한국표준산업 분류상의 제조업은 세분류(4단위), 서비스업 등 제조업 이외의 경우 소분류(3단위)가 다른 업종. 단, 제조업의 경우 세세분류(5단위)에 의한 기준을 달리하는 경우라도 사업전환 목적에 부합된다고 센터에서 인정하는 경우는 예외로 함. / ** 한국표준산업분류 코드 참고(https://k",https://www.bizinfo.go.kr/sii/siia/selectSIIA200Detail.do?pblancId=PBLN_000000000118350,컨설팅,높음,,장애인 창업 1:1 심층 컨설팅,M28
63,PBLN_000000000118318,기술,농림축산식품부,2026년 소스개발 및 생산지원 사업 공고,hwp,1530,"지원내용: 신청기업이 식품진흥원과 공동 또는 의뢰하여 수행하며 보조금 지원사업이 아님 / * 공유주방: 별도의 공장 설비가 없는 기업도 진흥원의 인프라를 활용하여, 제품 제조·판매 가능 / ** 위탁가공: 기업의 생산 공정 중 일부 공정을 진흥원에 위탁하여 제조·가공 / - 식품제조가공업 등록되어 있고, 시설장비가 부족한 경우에 한해 지원 가능 / - 「식품위생법 시행규칙」 [별표14] 업종별 시설기준 참고 / □ 접수방법 / ◦ 디지털식품정보플랫폼(https:/ / 지원규모: 기업별 누적 최대 20백만원 / □ 사업규모: 총 30백만원 이내 / □ 지원대상: 식품 관련 기업(국가식품클러스터 입주(분양·벤처)기업, 소스센터 회원사, 청년기업, 디지털식품정보플랫폼 가입기업 등) / □ 사업비 구성: 장비사용 수수료 할인 방식으로 적용 / 〈 구분에 따른 기업부담비율 〉 / ※ 기업당 최대 지원금은 기업지원시설·장비 활용 지원사업과 통합 관리 / □ 추진체계: 식품진흥원 인력과 장비를 활용한 직·간접 지원 / □ 공고기간: 2026. 2",https://www.bizinfo.go.kr/sii/siia/selectSIIA200Detail.do?pblancId=PBLN_000000000118318,사업화,보통,,공유주방·위탁가공으로 제품 제조·생산 지원. 설비와 경계,M28
64,PBLN_000000000121634,창업,경기도,[경기] 용인시 2026년 창업 멘토링(1:1) 희망기업 모집 공고,hwp,828,"지원내용: 경영전략, 세무·회계, 기술개발, 비즈니스모델 개선, 인증·특허 등 사업운영 전반에 걸친 1:1 전문가 멘토링 / □ 멘토링 전문가 매칭 방식 / □ 지원대상 / □ 신청제한: 신청일 기준 아래 내용에 해당되는 경우 신청 불가 / □ 신청기간: 공고일 ~ 2026년 11월 30일까지 수시모집(예산소진 시 마감) / □ 신청방법: 신청서 및 부대서류 작성 후 온라인 접수 / ○ 접 수 처: ybs.ypa.or.kr(용인기업지원시스템) / ○ 문 의: 창업지원",https://www.bizinfo.go.kr/sii/siia/selectSIIA200Detail.do?pblancId=PBLN_000000000121634,컨설팅,높음,,창업 1:1 전문가 멘토링,M28
65,PBLN_000000000125070,수출,전남광주통합특별시,[전남광주] 2026년 하반기 바이어 초청 수출 상담회 참가기업 모집 공고,hwp,2298,"지원내용: 해외 바이어 수출상담을 통한 글로벌 온·오프라인 시장 진출 지원 / 4. 모집 및 선정 /  모집 기간: 2026년 8월 3일(월) ~ 8월 31일(월), 18:00限 /  모집 기업: 전남광주통합특별시 내 농수산식품 생산·가공 및 수출 기업 80개사 내외 / * 중복신청 불가하며, 선착순 접수로 진행 /  신청서 제출: 이메일 접수 / - 센터 홈페이지(https://ccei.creativekorea.or.kr/jeonnam) 공지사항에서 참가신청서를",https://www.bizinfo.go.kr/sii/siia/selectSIIA200Detail.do?pblancId=PBLN_000000000125070,판로,높음,,바이어 초청 수출 상담회,M28
66,PBLN_000000000125400,수출,경기도,[경기] 여주시 2026년 중화권 시장개척단 참가기업 모집 재공고,hwpx,5427,"지원사항 / - 운영 지역별 / 바이어 발굴‧섭외 및 1:1 상담 주선 / - 단체 이동 차량 제공 / - 상담시 기업별 통역원 제공 / - 항공비 지원(1사 1인 항공비의 50%, 최대 36만원) / ※ 항공비 잔액, 숙박비, 식비 등 현지 체재비는 참가기업 부담 / ○ 주관/위탁기관 : 여주시 / (재)경기도경제과학진흥원(GBSA) / ○ 참가절차 / 접수 / ⇨ / 시장성 평가 / ⇨ / 기업선정 / ⇨ / 바이어발굴 / 및 사전매칭 / ⇨ / 사전간담회 / ⇨ / 현지파견 / 7.20.(월) / ~8.7.(금) / 8.10",https://www.bizinfo.go.kr/sii/siia/selectSIIA200Detail.do?pblancId=PBLN_000000000125400,판로,높음,,중화권 시장개척단 - 바이어 상담·통역·항공비,M28
67,PBLN_000000000121442,인력,인천광역시,[인천] 2026년 소규모 제조업 중대재해 예방 안전조치 지원사업 참여기업 모집 공고,hwp,3096,"지원내용 / ❍ 지원금액 : 기업당 최대 250만원 ※ 부가가치세(VAT)는 기업부담 / ❍ 지원분야 ※ 지원금 범위 내 안전검사비, 방호장치, 보호구 모두 지원 가능 / - (검 사 비) 「산업안전보건법 시행령」 제78조에 의한 안전검사대상 기계 등의 정기 안전검사재검사(1회) 검사비용 / - (방호장치) 「산업안전보건법」, 「동법 시행령, 시행규칙」에서 규정된 방호조치를 위한 안전장치 / - (보 호 구) 「산업안전보건법」제84조에 의한 안전인증 제품 / □ 접수방법 / ❍ / 지원분야 ※ 지원금 범위 내 안전검사비, 방호장치, 보호구 모두 지원 가능 / - (검 사 비) 「산업안전보건법 시행령」 제78조에 의한 안전검사대상 기계 등의 정기 안전검사재검사(1회) 검사비용 / - (방호장치) 「산업안전보건법」, 「동법 시행령, 시행규칙」에서 규정된 방호조치를 위한 안전장치 / - (보 호 구) 「산업안전보건법」제84조에 의한 안전인증 제품 / □ 접수방법 / ❍ 접수기간 : 예산소진 전까지 사업기간 내 상시모집 / ❍ 접수방법 : 비즈오케이(Biz- / 지원규모 : 60개사 내외 ※ 기업당 최대 250만원 / ❍ 주요내용 : 관내 소규모 제조기업에 안전검사비, 방호보호 장치 구입비용 지원 / ❍ 지원대상 : 인천광역시 소재 50인 미만 제조업* 영위 사업장 / - 인천광역시에 주소지를 두고 4대 보험에 가입한 상시근로자 50인 미만 사업장 / -「중소기업기본법 시행령」[별표3]에 따른 소기업 규모 기준 매출액 사업장 포함 / * 사업자등록증상 제조업으로 표기가 되어있어야하고, 실제 제조 공정을 수행해야함 / * 사업장을 / 사업내용 변경 또는 사업기간 내 사업이 완료되지 않을 경우 지원금 전액환수 등의 제재조치를 취할 수 있음 / ❍ 성과관리 / - 본 사업의 결과물은 전담",https://www.bizinfo.go.kr/sii/siia/selectSIIA200Detail.do?pblancId=PBLN_000000000121442,설비,보통,,안전검사비·방호장치·보호구 구입 지원,M28
68,PBLN_000000000124046,인력,고용노동부,[대구ㆍ경북] 2026년 사회적가치형 청년 일경험 지원사업 참여기업 모집 공고,hwp,1359,"1. 사회적가치형 청년일경험 지원사업이란? / 본 사업은 사회적기업의 사회적 가치 창출 활동에 청년이 직접 참여하여 실무 중심의 직무경험을 쌓고 이를 통해 청년의 노동시장 진입을 촉진하며 사회적기업의 사회적 가치 확산에 기여하고자 하는 사업입니다. / 2. 참여기업 요건 / 1) 대구, 경북소재 사회적기업 또는 예비 사회적기업 / 2) 사업신청기준 고용보험 가입자 3인 이상의 사업장 / 3) 사업신청기준 6개월 이상 운영 중일 것(신규설립 기업 검토용) / 4) 청년의 멘토로 지정 가능한 1년 이상 재직 정규근로자가 있을 것 / 5) 참여청년이 근무할 공간 및 기기를 제공할수 있을 것 / 3. 운영절차 / 1) 참여기업 운영절차 / - 참여신청서 제출 / - 서류 적합성 검토 및 승인 / - 협약체결 / - 일경험 진행(일경험 실시보고, 참여자 출결관리, 일경험 월별 결과보고) / - 사업 종료 / ※ 신청기업 승인 및 청년매칭 2주 내외 소요 / 2) 참여기업 제출서류 / - 신청서 1부 / - 운영계획서 1부 / - 근무환경 체크리스트 1부 / - 개인정보동의서 1부 / - [기타 증빙서류] (하나의 파일로 제출) / ① 법인등기사항증명서 및 사업자등록증 1부 / ② 국세 및 지방세 완납증명서 각 1부 / ③ 4대 보험 완납증명서 1부 / ④ 고용보험사업장자격취득자명부 1부 / ⑤ 최근 3년간 재무제표(23년~25년) 각 1부 / ※ 설립된 지 3년 이내 법인은 제출할 수 있는 범위 내 제출 / 4. 기업 지원금 상세 : 일경험 운영(8주) / 총 80만원 / 1) 기업 지원금 : 참여청년 1인 1주(5만원)×8주=40만원 / 2) 기업 멘토수당 : 참여청년 1인 1주(5만원)×8주=40만원 / 5. 신청 및 문의 / 1) 사업담당 : 김명삼 팀장, 이혜정 연구원 / 2) 문의처",https://www.bizinfo.go.kr/sii/siia/selectSIIA200Detail.do?pblancId=PBLN_000000000124046,고용보조,보통,,청년 일경험 참여. 교육훈련과 경계,M28
69,PBLN_000000000117109,금융,경기도,[경기] 2026년 사회적경제조직 특별융자 사업 공고,hwp,2055,"경기도 공고 제2025-2540호 / 2026년 경기도 사회적경제조직 특별융자 사업 공고 / 『경기도 사회적경제기금 설치 및 운영 조례』에 따라 사회적경제조직의 건실한 발전을 지원하기 위해 경기도가 신용협동조합중앙회 및 경기도 소재 지역신용협동조합과 협약을 맺고 추진 중인 「경기도 사회적경제조직 특별융자」 2026년도 사업을 다음과 같이 공고합니다. / 2026. 1. 1. / 경 기 도 지 사 / □ 사업개요 : 경기도 사회적경제조직 대상 융자 및 이차보전 / □ 신청기간 : ’26. 1. 1. ~ 12. 31. (연중 수시) / □ 융자대상 조건 / ○ (융자대상) 경기도내 주된 사업장이 소재한 다음의 사회적경제조직 / 1. 「경기도 사회적경제 기본조례」 제2조제3호에 따른 사회적기업, 경기형 예비사회적기업, 중앙부처형 예비사회적기업 / 2. 「경기도 사회적경제 기본조례」 제2조제3호에 따른 / 협동조합, 협동조합연합회, 사회적협동조합 및 사회적협동조합연합회 / 3. 「경기도 사회적경제 기본조례」 제2조제3호에 따른 마을기업 및 예비마을기업 / 4. 「경기도 사회적경제 기본조례」 제2조제3호에 따른 소비자생활협동조합, 소비자생활협동조합연합회, 소비자생활협동조합전국연합회 / 5. 「경기도 사회적경제 기본조례」 제2조제3호에 따른 자활기업 / 6. 협동조합 기본법 제2조에 따른 이종(異種)협동조합연합회 / ※ 단, 융자실행 이후에도 법인격, 사회적경제조직 지위, 사업장 소재지 등 대상요건을 유지하여야 함 / ✍ 예비사회적기업 및 예비마을기업 지정만료 등 사회적경제조직 지위 상실 시 지원 중단 / ○ (융자 제외 대상) / 1. 금융기관으로부터 여신거래가 불가능한 사업자 / 2. 사치향락업종을 영위하는 업체(골프장, 무도장)또는 부동산 관련업종 등 / 3. 휴·폐업 중인 사업자 / 4.",https://www.bizinfo.go.kr/sii/siia/selectSIIA200Detail.do?pblancId=PBLN_000000000117109,융자,높음,,사회적경제조직 특별융자 + 이차보전,M28
70,PBLN_000000000125385,내수,대구광역시,[대구ㆍ경북] 2026년 하반기 대구경북 공공구매상담회 참가기업 모집 공고,hwpx,6386,"‘26 하반기 대구경북 공공구매상담회 참가기업 모집 안내 / □ 목적 / ◦ / 구매상 / 담회를 통해 중소기업의 공공조달시장 진출을 지원하고, 지역 / 공공기관의 중소기업제품 구매 / 촉진 유도 / □ 행사개요 / ㅇ / (행 사 명) / ‘26년 하반기 대구경북 공공구매상담회 / ㅇ / (주관기관) / 대구‧경북중기청 / ㅇ / (일시‧장소) / ’26.9.17. / (목) / 14:00, / 안동상공회의소 3층 강당 / ㅇ / (참가대상) / 공기업‧준정부기관 등 공공기관, 중소기업 / ㅇ / (주요내용) / 참가기업과 공공기관 간 구매상담, 공공조달 정책상담 / 구분 / 내용 / 비고 / 구매상담 / ▪ 공공조달시장 진출을 희망하는 기업과 공공기관 / 구매담당자(기관당 최대 2인) 간 / 일대일 구매상담 / 진행 / ▪ 각 상담테이블에서 창업기업 당 / 20분 / 정도 상담 / 진행, / 3개의 공공기관과 구매상담 / 사전‧현장 매칭 / 정책상담 / ▪ 벤처창업혁신 조달상품 지원 절차 안내 / ▪ 벤처나라, 조달등록 등 조달정책상담 / 대구지방 / 조달청 / 판로상담 / ▪ 제품 상품성 향상 코칭 및 판로마케팅 상담 / ▪ TV홈쇼핑 등 판로채널 입점지원 / ㈜공영홈쇼핑 / □ / 추진 / 일정 / ① 공공기관 모집 / ⇒ / ② 참가기업 모집 / ⇒ / ③ 사전매칭 / ⇒ / ④ 구매상담회 / 7.23(목)~8.7(금) / 8.12(수)~9.3(목) / 9.10(목) / 9.17(목) / □ 참가기업 모집(8.12~9.3) / ㅇ / (신청대상) / 대구경북 소재 중·소기업자 또는 소상공인 / ㅇ 공공기관 구매 품목 및 우선 구매 대상 제품 기업 모집 우선 / ㅇ / (신청기간) ‘26.8.12 / (수) / ~ ‘26.9.3 / (목) / 18시까지 / ㅇ / (신청방법)",https://www.bizinfo.go.kr/sii/siia/selectSIIA200Detail.do?pblancId=PBLN_000000000125385,판로,낮음,,공공구매상담회. 학습셋 '수산식품 무역상담회 → 판로' 를 따랐다. 공공구매(컷오프미달) 로 볼 여지 있음,M28
71,PBLN_000000000125360,기술,경기도,[경기] 수원시 2026년 3차 지식재산 긴급지원(중소기업IP바로 지원) 사업 모집 공고,hwp,6127,"지원내용 / o 지식재산 전문가의 IP현안 진단을 통해 컨설턴트 직접컨설팅을 제공하고, 외부기관(분야별 전문기관)과 함께 국내맞춤 특허·디자인전략, 디자인·브랜드개발, 특허기술홍보영상제작, 국내·해외출원비용 등을 지원 / <지식재산 긴급지원 세부지원내용> / ※ 특수국 : 중동, 캐나다, 브라질, 러시아, 호주, 싱가포르 / ※ 세부 지원내용 및 정부지원금 규모는 일부 변경될 수 있음 / <과업별 주요 지원내용> / □ 선정평가 / o ① [신속진단KIT] → ② 우대가 / 지원 내용 / □ 사업목적 / o 문서화된 특허기술을 3차원(3D) 홍보영상으로 제작하여 제공함으로써 특허기술에 대해 보다 쉽게 접근할 수 있도록 하여 사업화 추진을 촉진 / □ 지원내용 / o 등록된 특허기술 내용을 그래픽, 내레이션 등을 통해 3차원 시뮬레이션 홍보영상으로 제작하여 제공 / □ 지원기준 / o 신청일 현재 권리가 등록 되어있는 특허․실용신안 / □ 지원규모 / o 세부사업별 원가조사 금액(기업분담금(현금+현물) 및 VAT 포함)을 기준으로 기업분담금(현금20%+ / 지원규모 / o 기업 당 2,000만원 이내(지원금 합산 기준, 자부담 제외) / * 단, 제품디자인개발 및 목업 연계 지원 시 정부지원금 일부 초과 가능 / □ 기업분담금 / o 기업분단금 : 40%(현금20%+현물20%) / * 소상공인, 여성기업, (예비)사회적기업의 경우 현금 10%+현물 30% 적용(증빙 제출) / * 국내·해외출원지원의 경우 현금 40% / □ 지원내용 / o 지식재산 전문가의 IP현안 진단을 통해 컨설턴트 직접컨설팅을 제공하고, 외부기관(분야별 전문",https://www.bizinfo.go.kr/sii/siia/selectSIIA200Detail.do?pblancId=PBLN_000000000125360,컨설팅,높음,,지식재산 긴급지원(IP바로지원). 학습셋 IP나래·IP디딤돌 → 컨설팅,M28
72,PBLN_000000000119567,창업,농림축산식품부,2026년 농식품 크라우드펀딩 지원사업 공고,hwp,5030,"지원 내용) / * 지원한도(50회) 내에서 기업당 1회 지원을 원칙으로 하되, 증권형 추진 기업에 대해서는 필요시 횟수 차감 방식으로 2회 지원 가능 / □ 펀딩 전 지원 / ㅇ 농식품 기업이 성공적인 펀딩 준비에 필요한 제반 비용을 지원 / - 펀딩에 필요한 법률, 회계, 법인전환 컨설팅, 컨텐츠 제작(상세페이지, 사진 촬영, SNS 홍보 비용 등) 등에 소요 되는 비용을 예산 한도 내 지원 / ㅇ (지원 금액) 지원 한도는 펀딩 성공 금액 이내 지원 / * 지원한도 : / 지원조건) 사업연도(‘26년) 내 농식품 크라우드펀딩을 희망하는 경영체 / ○ (지원 내용) / * 지원한도(50회) 내에서 기업당 1회 지원을 원칙으로 하되, 증권형 추진 기업에 대해서는 필요시 횟수 차감 방식으로 2회 지원 가능 / □ 펀딩 전 지원 / ㅇ 농식품 기업이 성공적인 펀딩 준비에 필요한 제반 비용을 지원 / - 펀딩에 필요한 법률, 회계, 법인전환 컨설팅, 컨텐츠 제작(상세페이지, 사진 촬영, SNS 홍보 비용 등) 등에 소요 되는 비용을 예산 한도 내 지 / 지원한도(50회) 내에서 기업당 1회 지원을 원칙으로 하되, 증권형 추진 기업에 대해서는 필요시 횟수 차감 방식으로 2회 지원 가능 / □ 펀딩 전 지원 / ㅇ 농식품 기업이 성공적인 펀딩 준비에 필요한 제반 비용을 지원 / - 펀딩에 필요한 법률, 회계, 법인전환 컨설팅, 컨텐츠 제작(상세페이지, 사진 촬영, SNS 홍보 비용 등) 등에 소요 되는 비용을 예산 한도 내 지원 / ㅇ (지원 금액) 지원 한도는 펀딩 성공 금액 이내 지원 / * 지원한도 : 증권형 2.5백만",https://www.bizinfo.go.kr/sii/siia/selectSIIA200Detail.do?pblancId=PBLN_000000000119567,컨설팅,보통,,크라우드펀딩 준비 법률·회계·콘텐츠 비용. 학습셋 투자유치 컨설팅 → 컨설팅,M28
73,PBLN_000000000118729,창업,중소벤처기업부,2026년 창업-BuS at 경북 참여기업 모집 공고,hwp,2243,"지원분야 : 초격차 10대 분야 / - 중점분야(우대) : AI·빅데이터, 바이오·헬스, 친환경·에너지, 로봇 / □ 접수기간 : 2026. 11. 30.(월) 까지, 연중 상시 모집 / □ 신청방법 / - 구글 폼 신청을 통한 상시 접수(https://forms.gle/K1hXGx9ex6EpX2Km8) / - 경북창조경제혁신센터 홈페이지 사업공고(https://ccei.creativekorea.or.kr/gyeongbuk/) / □ 신청서류 / ① 신청서 및 개인정보 이용 / 사업내용 / ◦ 기업 발굴 : 목요 급행 IR(주간 IR) / - 매주 실시되는 목요 급행 IR로 투자 가능성 집중 점검 / ◦ 기업 선발 : 경북 터미널 IR(월간 IR) / - 창업-BuS 참여기업 투자검토를 위한 월 단위 경북 터미널 IR 실시 / ◦ 투자유치 지원 : 직·간접 투자 / Pre-TIPS, TIPS 추천 / - 센터 보유 펀드를 활용한 투자 및 Pre-TIPS, TIPS 추천 / ◦ 특화프로그램 지원 / - 선발기업의 후속투자 연계 가능성 확보를 위한 기업",https://www.bizinfo.go.kr/sii/siia/selectSIIA200Detail.do?pblancId=PBLN_000000000118729,창업보육,보통,,IR·투자유치·TIPS 추천. 학습셋 '글로벌 투자유치 프로그램 → 창업보육',M28
74,PBLN_000000000125062,기술,충청북도,[충북] 2026년 2차 국내출원비용 지원사업 모집 공고,hwp,1735,"• 충청북도 내 중소기업(소상공인 포함)의 우수한 기술, 상표, 창의적인 디자인 등 지식재산 창출을 도모하기 위해 국내출원에 소요되는 비용 중 일부(70%이내)를 지원 / • 충청북도 내(본사 소재지) 중소기업 / ※ 개인(예비창업자 등)의 경우 충북지식재산센터 IP디딤돌 프로그램(문의:043-229-2738)을 신청하시기 바랍니다. / ※ 소상공인으로 상표출원 예정인 기업은 소상공인 IP역량 강화지원사업 (https://pms.ripc.org/smallbiz/)로 신청하시기 바랍니다. / (문의:043-229-2737) / • 출원일이 2026년 1월 1일 이후 건으로 특허사무소에 비용지급이 완료된 건 / • IP지원신청서(부속서류 포함)를 제출한 기업 / • 이동특허상담에 참여한 기업으로 충북지식재산센터가 지정한 전문위원이 심의한 기업(전문위원이 (붙임2)상담·심의표를 제출한 기업) / ※ IP지원신청서를 제출한 기업에게 개별적으로 이동특허상담 참여안내 예정(일정, 상담장소 등 구체적인 사항은 개별안내하며 미신청 기업(개인)도 이동특허상담 가능함) / ※ 3가지 조건을 모두 충족하더라도 부적격(하단 유의사항 참고)에 해당하는 경우는 지원제외 / • 접수기간: [2차] 2026. 8. 03 ∼ 8. 31 / ※ 접수마감 전에 예산이 소진되는 경우 2차 접수는 조기 마감하고 3차 접수는 하지 않음 / ⇨ 2차 접수를 할 경우, 청주상공회의소 홈페이지에 공고 예정 / ※ 2차까지 접수를 진행한 후 예산이 남는 경우, 3차까지 접수를 진행할 수 있음 / ※ 지원금은 접수마감일 이후 2개월 이내 선정기업의 신청계좌로 입금함 / • 국내출원에 소요되는 출원비용(대리인에게 입금한 금액 등)중 일부(70%이내) 지원 / ※ 세금(국세·지방세) 성격의 비용(부가가치세(V.A.T) 등)은 지원금",https://www.bizinfo.go.kr/sii/siia/selectSIIA200Detail.do?pblancId=PBLN_000000000125062,컨설팅,보통,,국내 출원비용 70% 지원. 학습셋 '상표권 출원지원 → 컨설팅',M28
75,PBLN_000000000117309,금융,경상남도,[경남] 함안군 2026년 소상공인 육성자금(이자) 지원계획 공고,hwp,2463,"지원조건 및 내용 / ※ 대출금리 및 상환방법은 금융기관별 여신규정에 따라 다를 수 있음 / ※ 금리상한제 적용 : 기준금리(COFIX) + [2.0%(전액보증) 또는 3.0%(부분보증)] / 7. 신용보증기관 : 경남신용보증재단 / 8. 대출금융기관 : 「함안군 소상공인 육성지원 융자업무에 관한 협약서」를 / 체결한 금융기관(9개소) / - 경남은행(2개소) : 함안지점, 칠원지점 / - 농협은행(2개소) : 함안군지부, 칠서공단지점 / - 지역농협(2개소) : 동 / 지원방식 : 시중 대출금리의 이자차액 보전 / 4. 지원대상 : 함안군에 사업자등록을 하고 경남신용보증재단의 신용 보증서를 발급받은 소상공인(개인 또는 법인) / ※ 지원제외 대상 / - 금융․보험업, 사치 향락적 소비나 투기를 조장하는 업종 / - 휴․폐업신고를 하였거나 군수가 사실상 휴․폐업중이라고 인정하는 업체 / - 국세·지방세 체납 중인 업체 / - 그 밖에 신용보증재단에서 보증 제한하는 업종(붙임1 참조) / - 함안군 중소기업 육성자금 지원 업체 / - 함안군 소",https://www.bizinfo.go.kr/sii/siia/selectSIIA200Detail.do?pblancId=PBLN_000000000117309,융자,높음,,소상공인 육성자금 이자차액 보전. 학습셋 이차보전 → 융자,M28
76,PBLN_000000000123695,경영,대구광역시,[대구] 2026년 취업규칙 제정ㆍ개정 지원사업 공고,hwp,862,"지원내용 / - 센터 위촉노무사 연계를 통한 사업장별 맞춤형 취업규칙 제·개정 지원(최소 1회 이상 방문) / - 제정지원: 취업규칙이 없는 사업장을 대상으로, 사업장 규모와 업종 특성을 고려한 표준 취업규칙 초안 마련 및 필수 기재 사항 반영 지원 / - 개정지원: 기존에 취업규칙을 보유하고 있는 사업장을 대상으로, 법령 위반 및 노후 규정 정비, 변화하는 노동 정책에 부합하는 현실적인 취업규칙 개정 지원 / ❍ 신청자격 제외 대상 / ❍ 중복참여 불가 / ❍ 접수기간",https://www.bizinfo.go.kr/sii/siia/selectSIIA200Detail.do?pblancId=PBLN_000000000123695,컨설팅,높음,,노무사 연계 취업규칙 제·개정 지원,M28
77,PBLN_000000000125061,경영,경기도,[경기] 안산시 2026년 온라인마케팅 지원사업 안산e스토어 입점 기업 모집 공고,hwp,1382,"지원내용 / 가. 입점 지원 :‘안산e스토어’제품 등록 및 네이버 스마트스토어 연동 / (상품 상세 정보, 결제, 사용자 리뷰 노출 등) / 나. 기업 홍보 : 네이버 스마트스토어 미운영 기업 홍보를 위해 기업 홈페이지 입점 링크 연동 / 다. 기타 지원 사항 / 1) (플레이스 등록) 네이버 스마트플레이스 등록 기업 대상‘안산e스토어’지도 검색 자동 연동 / 2) (할인 쿠폰 지원) 신규 입점 50개 기업 지원*, 기업별 최대 10만원 할인 쿠폰(네이버 스마트스토어)",https://www.bizinfo.go.kr/sii/siia/selectSIIA200Detail.do?pblancId=PBLN_000000000125061,판로,높음,,안산e스토어·스마트스토어 입점 지원,M28
78,PBLN_000000000118665,창업,울산광역시,2026년 울산 IP(지식재산) 디딤돌 프로그램 지원사업 공고,hwp,1012,"지원내용 / 나. 지원한도 / * 추가 권리화의 필요성이 인정되는 건에 한해서, 예비창업자 1인 3건까지 지원가능(기본 1건 포함) / 다. 지원절차 / ※ 신청인의 현황에 따라 지원절차는 변동될 수 있음 / 3. 지원 신청 방법(※첨부1-1의 사업자등록사실여부 확인 자료 필수 제출) / 가. 신청서 교부 : 온라인(홈페이지) 및 오프라인(센터방문) 교부 / - 울산지식재산센터 홈페이지 / (https://pms.ripc.org/www/center/notice/CNT / 지원한도 / * 추가 권리화의 필요성이 인정되는 건에 한해서, 예비창업자 1인 3건까지 지원가능(기본 1건 포함) / 다. 지원절차 / ※ 신청인의 현황에 따라 지원절차는 변동될 수 있음 / 3. 지원 신청 방법(※첨부1-1의 사업자등록사실여부 확인 자료 필수 제출) / 가. 신청서 교부 : 온라인(홈페이지) 및 오프라인(센터방문) 교부 / - 울산지식재산센터 홈페이지 / (https://pms.ripc.org/www/center/notice/CNT024/cente",https://www.bizinfo.go.kr/sii/siia/selectSIIA200Detail.do?pblancId=PBLN_000000000118665,컨설팅,높음,,IP디딤돌 프로그램. 학습셋에 같은 이름 사업이 컨설팅,M28
79,PBLN_000000000124988,기술,울산광역시,[울산] K-함정 융합 플랫폼 구축사업 R&D 과제기획 수요기업 모집 공고,hwp,1158,"지원내용) 분야별 전문가 활용을 통한 R&D 과제기획 컨설팅 및 기획보고서 작성 / ○ 지원항목 및 금액 / ※ 주관기업 임직원은 과제기획 및 보고서 작성 등에 참여할 수 있으나 수당지급 대상에는 포함되지 않음. / ※ 기업부담금은 없음 / □ 평가절차 및 기준 / ○ 평가절차 : 신청기업이 제출한 지원신청서를 기반으로 8월 中 서면 선정평가를 실시하여 지원기업 선정 / ○ 선정기준 : 평가위원별 최고 최저 점수를 제외한 산술평균으로 하며, 종합 평점이 70점 이상인 기업  / 지원규모) 5개사 내외(기업당 최대 200만원) / ○ (지원내용) 분야별 전문가 활용을 통한 R&D 과제기획 컨설팅 및 기획보고서 작성 / ○ 지원항목 및 금액 / ※ 주관기업 임직원은 과제기획 및 보고서 작성 등에 참여할 수 있으나 수당지급 대상에는 포함되지 않음. / ※ 기업부담금은 없음 / □ 평가절차 및 기준 / ○ 평가절차 : 신청기업이 제출한 지원신청서를 기반으로 8월 中 서면 선정평가를 실시하여 지원기업 선정 / ○ 선정기준 : 평가위원별 최고 최저 점수를 제외",https://www.bizinfo.go.kr/sii/siia/selectSIIA200Detail.do?pblancId=PBLN_000000000124988,컨설팅,높음,,R&D 과제기획 컨설팅 및 기획보고서 작성,M28
80,PBLN_000000000125031,창업,대전광역시,[대전] 2026년 2차 특화역량 BI 지원사업(거점형) 수요 맞춤형 액셀러레이팅 참여기업 모집 공고,hwp,1326,"지역 주력산업 기반의 우수 스타트업을 발굴하고 성장을 지원하는 2026년 특화역량 BI 지원사업(거점형) 참여기업을 다음과 같이 참여기업을 모집하오니 많은 참여 바랍니다. / 2026년 8월 3일 / SOS Connect 플랫폼 사업단장 / ※ SOS Connect 플랫폼: 충남대학교, 배재대학교, 한남대학교, 국립한밭대학교, 목원대학교 창업보육센터 / □ 사업목적 / ㅇ 기업의 사업 현황 및 Needs를 반영한 성장단계별 맞춤형 지원을 통한 성장 발판 마련 필요 / ㅇ 현장 중심 기업 경영진단을 통한 안정적인 경영활동, 지속적인 성장 기반을 통한 경영성과 극대화 / □ 지원대상 / ㅇ 대전 지역 내 창업기업(공고일 기준 창업일 7년 이내) / - 창업일 이후 7년 이내 기업 / - 대전광역시 주력산업 기업(해당 시 가점 부여 / ※ 지원기간 중 신규로 입주하는 기업도 지원 / - 수요 맞춤형 액셀러레이팅 1차 선정기업은 지원 불가 / □ 지원기간 / ㅇ 선정 후 ~ 2026년 11월(예산 소진 시 종료) / ※ 타 정부사업 지원금으로 기 집행된 경우 이중 지원 불가 / ※ 지원 기업당 지원금 한도 내 지원 가능하며 프로그램 간 중복신청은 불가 / ※ 투자유치의 경우 2026년 유니콘 IR 참가 필수(2026년 10월 예정) / ※ 자부담은 없으며, 지원금액은 부가세 제외 / □ 선정방법 / ㅇ 전문 평가위원이 기업의 역량, 사업 지원의 적절성, 사업수행 역량, 시장성·기술성·사업성 등 심사기준에 의한 서면심사 진행 / ㅇ 위원별 산술 평균값으로 산정하고 심사결과 평균 70점 이상 고득점순으로 수혜기업 선정 / □ 평가항목 / □ 추진일정 / ※ 평가/선정/일정 등은 진행 상황에 따라 변경될 수 있음 / □ 신청자격 / ㅇ 공고일 기준으로 창업 후 7년 이내 본사 대전 소재 기업 /",https://www.bizinfo.go.kr/sii/siia/selectSIIA200Detail.do?pblancId=PBLN_000000000125031,창업보육,높음,,대학 창업보육센터 액셀러레이팅,M28
81,PBLN_000000000119587,수출,제주특별자치도,[제주] 2026년 제주-칭다오 노선 활성화 지원사업 모집 공고,hwp,1818,"지원내용 / ❍ 제주-칭다오 노선을 이용한 제주상품 수출물량에 대한 인센티브 차등 지원 / - 제주 수출기업 또는 무역업체에게 물량에 따른 정액 인센티브 지급 / (기업별 총액 500만원 한도) / · 1컨테이너(Full Container Load, FCL) 당 100만원 지원(회당 최대 300만원) / · 1파렛트(LCL) 당 30만원,2파렛트 초과시 10만원씩 추가 지원(회당 최대 800천원) / 단, 동일 수출송장 건에 대해서는 가격조건(FOB, CIF 등 물류비  / 지원방식 : 선착순 지원을 원칙으로 하며 청구서 등 증빙서류에 / 이상이 없다고 판단되는 경우 인센티브 지급 / ▣ 세부 지원내용 / ❍ 제주-칭다오 노선을 이용한 제주상품 수출물량에 대한 인센티브 차등 지원 / - 제주 수출기업 또는 무역업체에게 물량에 따른 정액 인센티브 지급 / (기업별 총액 500만원 한도) / · 1컨테이너(Full Container Load, FCL) 당 100만원 지원(회당 최대 300만원) / · 1파렛트(LCL) 당 30만원,2파렛트 초과시",https://www.bizinfo.go.kr/sii/siia/selectSIIA200Detail.do?pblancId=PBLN_000000000119587,수출물류,높음,,제주-칭다오 노선 수출물량 컨테이너·파렛트당 물류 인센티브,M28
82,PBLN_000000000117067,금융,세종특별자치시,[세종] 2026년 사회적경제 조직 금융(이차보전) 지원계획 공고,hwp,1942,"□ 제출서류 / ※ 그 밖에 추가 서류를 제출하는 경우 있음(접수처에서 상담·접수 문의) / ※ 접수처 : 신용보증기금 충청영업본부(042-539-5604 / 대전광역시 서구 둔산서로 45) / 【별지】 / ▣ 윤리경영 실천 및 보증브로커 피해예방을 위한 협조 확약 / ▣ 허위자료 제출 시 제재사항 / ▣ 신용정보 제공·활용 동의 등 / 1. 기업체 개요 / 2. 대표자 및 경영진 현황 ※ 기재란이 부족한 경우 별지에 작성하여 주십시오. (단위: 백만원) / 3. 사회적경제기업 부합성 / 4. 사업장 및 기술력 현황 (단위: 백만원) / 5. 의사결정 기구 구성 현황 / * 사외이사는 사외 이해관계자 중 “외부관계자 등”으로 작성하여 주십시오. / ** 지위가 중복되는 경우(예. 수혜자&외부관계자)에는 하나의 지위(예. 수혜자)로 작성하여 주십시오. / 6. 근로자 현황 / 7. 근로자 처우 노력 ※ 직전년도 기준으로 작성하여 주십시오. / 8. 주요거래처 및 판매 현황 (단위: 백만원) / 9. 재정지원 현황(정부지원 등) (단위: 백만원) / 10. 사회적 가치 지향 / 11. 외부기관 협업 및 사회 환원 내역 ※ 금액 산정이 불가능한 경우, 내용만 기술하십시오. / 12. 자금사용계획 (단위: 백만원) / 13. 보증료(또는 가수금) 환급 시 입금계좌(법인기업: 법인명의 계좌, 개인기업 등 : 대표자명의 사업용 계좌) / 14. 신용보증기금 업무 담당자 / (별지1) / 1. 대표자 및 경영진 현황 / ▣ 윤리경영 실천 및 보증브로커 피해예방을 위한 협조 확약 / ▣ 허위자료 제출 시 제재사항 / ▣ 신용정보 제공·활용 동의 등 / 1. 기업체 개요 / 2. 대표자 및 경영진 현황 ※ 기재란이 부족한 경우 별지에 작성하여 주십시오. (단위: 백만원) / 3. 사회적경제기업 부합성",https://www.bizinfo.go.kr/sii/siia/selectSIIA200Detail.do?pblancId=PBLN_000000000117067,융자,보통,,사회적경제조직 이차보전. 원문 발췌가 신청서식 위주라 근거가 얇다,M28
83,PBLN_000000000125174,인력,울산광역시,[울산] 2026년 방폭안전 강화사업 지원기업 모집 추가 공고,hwp,2093,"지원내용 / ㅇ 지원프로그램 및 지원항목 / 4. 평가방법 및 기준 / ㅇ 평가방법 : 신청기업 사전검토 → 서류평가 → 현장평가(필요시) → 선정평가위원회 심의 → 최종 선정 / ㅇ 평가항목 / ㅇ 선정기준 / ㅇ평가 세부사항(100점) / ※ 평가결과 외에도 업종별·기업규모별 대표성, 방폭 위험 Site 분포 등을 종합적으로 고려하여 최종 선정할 수 있음. / 5. 추진일정 / ㅇ 신청서접수 : 2026년 08월 05일(수) 15:00 ~ 2026년 08월 21일(금) 18:00 / ㅇ 사 / 지원규모 : 총 17개사 내외(사업장 상황을 고려하여 조정 가능) / (중소기업 12개사 내외, 중견기업 4개사 내외, 대기업 1개사 내외) / ※ 사업장 분류 : 근로자수 기준 (중소기업-50인 미만, 대기업-300인 이상, 중견기업 그 외 ) / ㅇ 지원기간 : 2026. 8. ~ 2026. 11. (4개월) / 2. 지원대상(신청기업) / ㅇ 지원대상 : 울산광역시 소재 PSM＊(Process Safety Management) 사업장 중 가연성 가스, 인화성 액체 또는",https://www.bizinfo.go.kr/sii/siia/selectSIIA200Detail.do?pblancId=PBLN_000000000125174,설비,낮음,,방폭안전 강화. 원문 발췌에 지원항목이 표로만 있어 설비/컨설팅 구분이 약하다,M28
84,PBLN_000000000120482,창업,농림축산식품부,2026년 조달청 벤처나라 추천 지원사업 모집공고(한국농업기술진흥원),hwp,1228,"2026년 조달청 벤처나라 추천 지원사업 모집공고 / ◦ (사 업 명) 2026년 조달청 벤처나라 추천 지원사업 / ◦ (대 상) 비식품 분야 창업기업1) 또는 벤처기업2)이며 직접 생산하거나 국내에서 OEM 방식으로 생산하는 물품 및 서비스 / * 조달청의 ‘입찰참가자격’ 기업 등록 및 ‘물품식별번호’ 획득 필수 / ◦ (접수일정) / - 1차(3. 30.~5. 19), 2차(5. 26~7. 22) 3차(7. 28~.9. 17) / * 차수별 최소 3개 기업 또는 5개 제품 모집 시 회차별 평가 및 추천 추진 / * 회차별 모집규모 미달 시 다음회차로 이월하여 모집 및 추진 / ◦ (추진체계) (농진원) 기술·품질 평가/추천 → (조달청) 지정여부 심사 / ◦ (평가위원회 구성) 내·외부 전문가 5인 이내로 구성(서류평가) / ◦ (평가항목) 기술평가(70) + 품질평가(30), 가점 및 면제 항목 등 검토 / ◦ 농진원에서 추천한 기업에 대하여 조달청에서 혁신조달상품 심사 시 가점 및 평가 면제 / ◦ 최종 추천기업은 벤처나라 홈페이지를 통하여 별도 온라인 신청 必 / ◦ 참여기업으로 최종 선정된 후 자발적 포기 시 차기 지원사업 참여에서 배제될 수 있음 / ◦ 사업 참여에 있어 전후 불일치, 허위사실 기재, 주요 내용 누락, 서류 미제출 등 중대한 하자가 있는 경우 사업에 제외될 수 있음 / 접수방법 : 이메일 접수 (dydxkr0305@koat.or.kr) / * (접수일 최소 일주일 전 담당자에게 사전 신청관련 연락 필수) / 제출서류 / ◦ [붙임4]을 참고하여 준비 및 제출 / ※ 한 개의 zip 파일로 묶어서 제출(파일명 : “기업명”) / 문의처 / ◦ 한국농업기술진흥원 강원A⁺센터 장용탁 전임연구원 / ☏ 033-257-8713 / E-mail : dydxkr0305",https://www.bizinfo.go.kr/sii/siia/selectSIIA200Detail.do?pblancId=PBLN_000000000120482,판로,낮음,,조달청 벤처나라 추천. 학습셋 'G-PASS기업 지원 → 판로' 를 따랐다. 자격인증·공공구매(둘 다 컷오프미달) 로 볼 여지 있음,M28
85,PBLN_000000000117454,기술,강원특별자치도,[강원] 2026년 글로벌 IP 스타기업 육성 해외OA비용 지원사업 공고,hwp,1228,"지원내용 / 가. 해외 특허·디자인·상표 출원 중인 건이 글로벌 IP 스타기업 지위에서 중간사건(OA)인 경우 일부 소요 비용 지원 / 4. 지원규모 *특수국: 중동,캐나다,브라질,러시아,호주,싱가폴 / * 자부담금 : 현금 40% / * 상표, 디자인의 OA 지원 기준 : 출원공고 전 시점까지를 OA 지원기준으로 판단 / * 지원규모는 변경될 수 있으며, 센터 예산 현황에 따라 기업분담금(현금)률이 일부 상향될 수 있음 / 5. 지원기준 / 가. 개별기준 : 세부지원사업 신청 / 지원규모 *특수국: 중동,캐나다,브라질,러시아,호주,싱가폴 / * 자부담금 : 현금 40% / * 상표, 디자인의 OA 지원 기준 : 출원공고 전 시점까지를 OA 지원기준으로 판단 / * 지원규모는 변경될 수 있으며, 센터 예산 현황에 따라 기업분담금(현금)률이 일부 상향될 수 있음 / 5. 지원기준 / 가. 개별기준 : 세부지원사업 신청일을 기준으로 의견제출통지서를 받고 의견서/보정서 제출이 완료되지 않은 건 / 나. 기타 참고사항 / 1) 동 사업과 관계없이 글로벌 IP  / 사업내용은 2025년 기준으로, 2026년 업무가이드 확정 후 일부 변경될 수 있음 / 9) 연차평가 최종 탈락에 따른 글로벌 IP 스타기업 지위 해제 시, 2026년 선정된 과제에 대한 비용 전액 기업부담 / 6. 지원절차 / 가. 접수공고 ▶ 지원사업 신청 ▶ 내부심의 ▶ 지원사업 선정 ▶ 협력사 추천(1~3개 기관) ▶ 협력사 선정(지원기업) ▶ 협약 체결 ▶ 사업 수행 ▶ IP 중간사건(OA)대응 ▶ 기업부담금(현금)+부가세 입금(기업→협력사) ▶ 비용신청서 제",https://www.bizinfo.go.kr/sii/siia/selectSIIA200Detail.do?pblancId=PBLN_000000000117454,컨설팅,보통,,해외 특허 중간사건(OA) 비용 지원. IP 계열 → 컨설팅,M28
86,PBLN_000000000118880,금융,인천광역시,[인천] 2026년 지역 내 소상공인 고용창출 확대를 위한 일자리 창출 특례보증 지원사업 공고,hwp,2541,"인천광역시 공고 제2026 – 404호 / 지역 내 소상공인 고용창출 확대를 위한 - / 2026년 인천광역시 일자리 창출 특례보증 지원사업 공고 / 소상공인기본법 제3조에 따라 소상공인의 고용 여력 제고 및 지역 내 일자리 창출 지원을 위한 「2026년 일자리 창출 특례보증 지원사업」을 다음과 같이 공고합니다. / 2026. 2. 24. / 인 천 광 역 시 장 / 1. 융자규모 : 125억원 / 2. 융자대상 : 아래 어느 하나에 해당하는 인천광역시에 사업장을 둔 소상공인* / ◦ 최근 1년 이내 신규인력 고용 또는 유지 기업 / ◦ 신규 창업 3년 이내 기업 / ◦ 제대군인 고용 우수기업 등 인증 받은 기업(제대군인 지원에 관한 법률에 따른 고용우수 인증기업) / ◦ 인천시 일자리 창출 우수기업으로 선정된 기업** / ◦ 인천시 일하기 좋은 뿌리기업으로 선정된 기업** / ◦ 지역건설산업 유공자 표창을 받은 기업 또는 대표가 영위하는 기업** / * 소상공인 기본법 제2조에 따른 소상공인 / ** 일자리창출 우수기업, 일하기 좋은 뿌리기업 및 지역건설산업 유공자 표창기업은 소기업까지 지원대상에 포함 / ※ 동일인이 다수사업자 겸영 시 중복지원 불가 / 3. 융자내용 / ◦ 융자한도 : 3천만원 이내 / ◦ 대출은행 : 신한은행, 농협은행, 하나은행, 국민은행 우리은행, 카카오뱅크, 케이뱅크 / ◦ 융자기간 : 5년(1년 거치 4년 매월분할상환) / ◦ 이차보전 : 연 1.5 ~ 2.0% 지원 (최초 3년간, 인천광역시 지원) / ※ 업체별 고용실적 등에 따라 차등적용, 3년 이후부터는 소상공인 이자 부담 / ◦ 보증료율 : 연 0.8% / 4. 융자 제외대상 / ◦ 최근 3개월 이내 재단의 신규보증을 받은 기업 / ◦ 재단·신보·기보의 보증금액 합계가 2억원 이상인 기업 / ◦",https://www.bizinfo.go.kr/sii/siia/selectSIIA200Detail.do?pblancId=PBLN_000000000118880,보증,높음,,일자리 창출 특례보증,M28
87,PBLN_000000000124851,내수,부산광역시,[부산] 2026년 마을기업 통합 홍보물 패키지 제작 지원 공고,hwp,567,"마을기업 오프라인 판로 확대 및 브랜드 인지도 제고를 위하여 「마을기업 통합 홍보물 패키지 제작」을 추진하오니, 부산 지역 내 마을기업은 많은 신청 바랍니다. / 부산경제진흥원장 / 가. 사 업 명 : 마을기업 통합 홍보물 패키지 지원 / 나. 추진목적 : 마을기업 오프라인 판로 확대 및 브랜드 인지도 제고 / 다. 추진일정 : 2026. 07. ~ 2026. 11. (상시) / 마. 주요내용 : 진흥원에서 제작한 마을기업 통합 패키지(종이백, 리유저블백)을 기업에 배부 / 가. 지원대상 : 부산 내 마을기업 / 나. 신청기간 : 개시일로부터 ~ 2026. 11. 10. (화) 17:00까지 / 다. 접수기간 : 공고일로부터 ~ 2026. 11. 10. (화) 17:00까지 / 라. 추진방법 : 신청서를 통해 접수받아 제작 후 기업별 전달 예정. / 마. 접수방법 : 구글폼 신청 또는 전화 접수 / * 온라인 홈페이지 게시 : https://bsec.or.kr/ / * 구글폼 신청 링크 : https://forms.gle/83ira5ikFFEnSTym9 / * 담당자 연락처 : 051-600-1391 /",https://www.bizinfo.go.kr/sii/siia/selectSIIA200Detail.do?pblancId=PBLN_000000000124851,판로,보통,,마을기업 오프라인 판로용 홍보물 패키지 제작·배부,M28
88,PBLN_000000000120342,경영,중소벤처기업부,2026년 기업승계 M&A 활성화를 위한 컨설팅 지원사업 시행계획 공고,hwp,5978,"지원내용 등이 상이하므로 개별 사업공고를 반드시 확인 하실 것 / □ M&A란 기업의 인수(Acquistion)와 합병(Merger)을 통칭하는 개념으로 대상기업의 주식, 영업 또는 자산을 취득 또는 처분함으로써 ‘기업에 대한 지배권’ 또는 ‘경영권’의 직·간적접인 변동을 초래하는 모든 형태의 거래를 의미한다. / ◦ 주식인수(지분양수도) : 대상기업의 지분 취득을 통해 경영권을 취득하는 방식 / ◦ 합병 : 복수의 회사가 합쳐지면서 기존 또는 새로 설립한 법인에 모 / 지원규모) 총 100개社 (’26년 예산 : 70백만원) / □ (지원범위) 기업승계 중개기관(동 공고문 참고1)과 총 1백만원 이상*(부가세제외)의 기초컨설팅 수행 시 컨설팅 비용의 일부를 지원 / * 최소 30만원 이상의 기업부담금 별도 / □ (지원한도) 기업당 70만원(부가세제외) / □ (지원항목) 신청유형(매도희망/매수희망)에 따른 구분지원 / ◦ (매도희망기업) M&A 추진을 위한 기초자료 작성 등에 대한 컨설팅 / ◦ (매수희망기업) 인수대상 탐색, 자금조달방안 / 지원한도) 기업당 70만원(부가세제외) / □ (지원항목) 신청유형(매도희망/매수희망)에 따른 구분지원 / ◦ (매도희망기업) M&A 추진을 위한 기초자료 작성 등에 대한 컨설팅 / ◦ (매수희망기업) 인수대상 탐색, 자금조달방안 등에 대한 컨설팅 / < 기초컨설팅 지원사업 지원항목 > / □ (사업추진 체계도) / ◦ 사업총괄 : 사업총괄 및 기본계획 수립 등 (중소벤처기업부) / ◦ 사업수행기관 : 사업 운영, 기업승계 중개기관 및 지원기업 선정, 사업관리 및 비용 집행,",https://www.bizinfo.go.kr/sii/siia/selectSIIA200Detail.do?pblancId=PBLN_000000000120342,컨설팅,높음,,기업승계 M&A 기초컨설팅 비용 지원,M28
89,PBLN_000000000117928,내수,중소벤처기업부,2026년 중소기업 마케팅지원사업 통합 공고,hwp,4948,"지원내용 / ◦ e커머스 상품 노출 및 홈쇼핑 방송판매를 종합적으로 지원 / - e커머스 내 기획전 개설 및 프로모션 등 홍보·판매 지원하고, 우수기업을 선별하여 홈쇼핑 방송* 후속 지원 / * e커머스 입점지원을 완료한 기업 대상으로 홈쇼핑 MD가 상품 적합성 등을 평가하여 선별된 기업에 대해 홈쇼핑 방송을 지원 (TV홈쇼핑 10개사, 데이터홈쇼핑 60개사) / * 이커머스 채널 및 홈쇼핑사는 공모 예정 / ◦ 지원기간 : 선정일 ~ ’26.12.30 / ◦ 지원조 / 지원규모 : 2,050개사 / □ 지원기간 : 선정일로부터 최대 1년 * 중소기업제품전용판매장 제외 / □ 사업내용 / □ 공통자격 : ｢중소기업기본법｣ 제2조의 규정에 의한 중소기업 / * 세부사업별 지원대상 및 조건이 상이하므로 ‘7. 사업별 지원대상 및 내용’ 참고 / □ 신청기간 : ‘26년 2월 이후 (세부사업별 개별 공고 진행 예정) / * 사업별로 신청 기간이 상이하므로, 세부 사업 공고 내용을 반드시 확인 / ** 접수 마감일 18시 정각 기준 접수기간 내 신청서 제 / 지원조건 : 국비 77~100%, 자부담 23% 내외 / * 부가가치세, 유통사 수수료, 변동비 등 기타 발생 비용은 참여기업이 별도 부담 / □ 신청방법 및 추진일정 / ◦ 신청기간 : (상반기) ‘26.3~4월, (하반기) ‘26.6~7월 (예정) / ◦ 신청방법 : 판판대로 (fanfandaero.kr)를 통한 온라인 접수 / ◦ 지원절차 / * 일정은 사정에 따라 변경될 수 있으며, 변경사항 등은 ‘판판대로 (fanfandaero.kr)’ 홈페이지에 공지 / / 사업내용 / □ 공통자격 : ｢중소기업기본법｣ 제2조의 규정에 의한 중소기업 / * 세부사업별 지원대상 및 조건이 상이하므로 ‘7. 사업별 지원대상 및 내용’ 참고 / □",https://www.bizinfo.go.kr/sii/siia/selectSIIA200Detail.do?pblancId=PBLN_000000000117928,판로,높음,,e커머스 기획전·홈쇼핑 방송판매,M28
90,PBLN_000000000119739,내수,중소벤처기업부,2026년 소상공인 온라인판로 지원사업 참여기업 모집공고,hwp,12292,"지원내용 * 문의처 : 1899-0309(온판상담소) / □ 지원 대상․상품 : ｢소상공인기본법｣ 제2조에 따른 소상공인으로, 아래 지원 제외대상에 해당되지 않는 소상공인 및 상품 / <지원 제외대상> / □ 신청 기간 / □ 신청 방법 / ◦ (사업신청) 판판대로(www.fanfandaero.kr) 회원가입 후 소상공인이 희망하는 지원사업을 신청 / ◦ (제출서류) 사업자등록증명원, 소상공인확인서, 국세·지방세 납부증명서 등 / * 모든 서류는 판판대로 홈페이지에 온라인으로 제출 / 지원 내용을 확인 후 선택 요망(이용권 한도 26.1만원 상당) / □ 평가 항목 / * 소수점 다섯째 자리에서 반올림 / 동점 시 세부평가기준 배점이 높은 항목에서 고득점순 / ❹-1 온라인쇼핑몰 판매지원(온라인쇼핑몰) / □ 세부사업명 : 온라인쇼핑몰 판매지원(온라인쇼핑몰) / □ 사업목적 : 온라인쇼핑몰 내 단독딜 및 소상공인 전용 기획전 운영을 통해 소상공인의 안정적인 온라인시장 정착 및 매출 활성화 지원 / □ 지원규모 : 총 4,050개사 / □ 참여 소상공인 자부담금 :  / 지원규모 : 총 14,290개사 / □ 지원내용 * 문의처 : 1899-0309(온판상담소) / □ 지원 대상․상품 : ｢소상공인기본법｣ 제2조에 따른 소상공인으로, 아래 지원 제외대상에 해당되지 않는 소상공인 및 상품 / <지원 제외대상> / □ 신청 기간 / □ 신청 방법 / ◦ (사업신청) 판판대로(www.fanfandaero.kr) 회원가입 후 소상공인이 희망하는 지원사업을 신청 / ◦ (제출서류) 사업자등록증명원, 소상공인확인서, 국세·지방세 납부증명서 등 / * 모든 서류는 / 지원한도 및 자부담금 없음 / □ (⑩번) TV홈쇼핑 및 데이터홈쇼핑 입점지원 / * 부가가치세는 지원 대상자(소상공인)가 별도 부담",https://www.bizinfo.go.kr/sii/siia/selectSIIA200Detail.do?pblancId=PBLN_000000000119739,판로,높음,,소상공인 온라인판로(판판대로) 지원,M28
91,PBLN_000000000125323,기술,강원특별자치도,[강원] 2026년 2차 제조ㆍ창업 맞춤형 지원 프로그램 지원기업 통합 모집 공고,hwp,2408,"지원내용 / ※ 전문기관: 전문기관이라 함은 지원기관이 선정한 용역수행사를 말하며, 입찰로 전문기관을 선정하여 과업을 진행하는 형태로서, 지원기관과 전문기관이 계약을 체결함.(최종 선정기업 임의로 용역 수행사 선택 불가) / ※ 지원금 외의 추가 비용은 기업자부담으로 함. / ※ 1차선정기업은 추가지원불가. / ※ 당해연도 창업기업은 창업기업 시제품 제작지원을 먼저 고려 바람. / ❍ 신청 시 유의사항 / - 본 공고 내 지원 프로그램 중, 기업별로 최대 2개 프로그램까지 선택하여 / 사업내용의 적합성, 지원 자격(참여제한) 적격 여부 검토 / - 필요시 제출서류 확인을 위한 사업장 현장 점검 진행 / ❍ 2단계: 서면평가(1단계 통과 기업에 한함) / - 평가위원회 서면평가 / - 최고‧최저점을 제외한 평가위원 평균점수가 60점 이상인 과제 중 고득점 과제 우선 선정(평가점수는 산술평균하여 소수점 셋째자리 반올림하여 둘째자리까지 산정)하며 후보 순위를 둘 수 있음 / - 선정기업의 결격사유 및 협약 포기 등 사유 발생 시 차 순위 기업 선정 / - 선정",https://www.bizinfo.go.kr/sii/siia/selectSIIA200Detail.do?pblancId=PBLN_000000000125323,사업화,낮음,,제조·창업 맞춤형 프로그램 통합 공고. 기업이 2개 프로그램을 고르는 묶음이라 단일 성격 판정이 약하다,M28
92,PBLN_000000000119879,수출,강원특별자치도,[강원] 태백시 2026년 중소기업 해외물류비 지원사업 참가기업 모집 공고,hwp,1274,"지원내용 : 수출 목적 물류비 지원 / □ 세부 지원사항 / ○ 지원대상 : 아래 기준 중 어느 하나에 해당하는 기업 / - 태백시 폐광지역진흥기구 소재 중소 제조기업 / - 태백시 폐광지역진흥기구에 소재하고 있으며 관내에서 제조한 제품을 수출한 수출대행업체 / ○ 지원내용 : 수출 목적 해외 물류비 지원(’26.1.1. 이후 물류비 소급 지원) / - 총물류비(국내·해상·통관비용 등) 중 지원기업이 자부담한 금액 지원 / - 해상·항공 복합 물류운송업체(포워딩)를 통해  / 지원사항 / ○ 지원대상 : 아래 기준 중 어느 하나에 해당하는 기업 / - 태백시 폐광지역진흥기구 소재 중소 제조기업 / - 태백시 폐광지역진흥기구에 소재하고 있으며 관내에서 제조한 제품을 수출한 수출대행업체 / ○ 지원내용 : 수출 목적 해외 물류비 지원(’26.1.1. 이후 물류비 소급 지원) / - 총물류비(국내·해상·통관비용 등) 중 지원기업이 자부담한 금액 지원 / - 해상·항공 복합 물류운송업체(포워딩)를 통해 셀러와 바이어가 명시된 경우의 소요된 물류비용 / 지원규모 : 사업비 소진 시까지 선착순 지원 / ○ 지원규모 : 5개社 내외 / ○ 지원금액 : 최대 7,000천원 한도, 소요비용의 90% 지원(VAT 제외) / ○ 지원내용 : 수출 목적 물류비 지원 / □ 세부 지원사항 / ○ 지원대상 : 아래 기준 중 어느 하나에 해당하는 기업 / - 태백시 폐광지역진흥기구 소재 중소 제조기업 / - 태백시 폐광지역진흥기구에 소재하고 있으며 관내에서 제조한 제품을 수출한 수출대행업체 / ○ 지원내용 : 수출 목적 해외 물류비 지원(’",https://www.bizinfo.go.kr/sii/siia/selectSIIA200Detail.do?pblancId=PBLN_000000000119879,수출물류,높음,,해외 물류비(해상·항공·통관) 지원. 학습셋 수출물류비 → 수출물류,M28
93,PBLN_000000000125180,수출,해양수산부,2026년 부산국제수산EXPO(BISFE) 연계 상담회 참가업체 모집 공고,hwp,1024,"「2026 부산국제수산EXPO(BISFE)」와 연계 추진 예정인 상담회가 ‘26. 11. 4(수) ~ 6(금) 3일간 벡스코(BEXCO)에서 개최됩니다. / □ 2026년 부산국제수산EXPO에서는 해외 각지의 무역지원센터에서 엄선한 해외 수산바이어 약 80개사를 초청하여 실질적인 비즈니스 네트워크 장을 제공합니다. / * 무역지원센터(11개 : LA, 뉴저지, 상하이, 칭다오, 홍콩, 타이베이, 도쿄, 호치민, 방콕, 자카르타, 파리) / □ 또한, 무역지원센터 소재 국가 외에도 인근 국가 바이어를 추가 초청하여 귀사의 해외시장 수출 확대 기회가 될 수 있도록 추진할 예정이오니 많은 신청 바랍니다. / 1. 개 요 / * 온라인 신청서 및 첨부파일의 엑셀 양식 작성 필수 / 2. 참가조건 / □ 한국수산식품을 해외로 수출하고 있거나 수출을 희망하는 국내업체 / □ 바이어와의 상담에서 수출형태, 가격, 결제방법 등을 포함한 거래조건을 사전에 검토하고, 구체적인 협업 가능한 업체 / □ 상담회 이후, 상담성과 및 설문지 등 작성 가능한 업체 / 3. 진행일정 / ※ 상기 일정은 사정에 따라 변경될 수 있음 / 4. 유의사항 / □ 제시한 사업신청서 양식대로 작성하지 않은 경우 신청이 접수되지 않습니다. / □ 신청서상의 기업정보 및 제품정보는 상담회 매칭 시 바이어에게 전달되므로 영문을 별도로 작성해 주시기 바랍니다. / * 별도의 번역 지원은 없으며, 내용이 누락된 경우 적합한 바이어발굴이 어려울 수 있습니다. / □ 상담매칭 결과 및 일정은 확정되는 대로 신청서에 작성하신 메일 및 연락처로 안내드릴 예정입니다. / □ 해외 바이어와 수요 및 조건 등이 일치하지 않을 경우, 원하는 바이어와 상담매칭이 되지 않을 수도 있는 점 미리 양해 부탁드립니다. / □ 바이어와 상담회 진행 시,",https://www.bizinfo.go.kr/sii/siia/selectSIIA200Detail.do?pblancId=PBLN_000000000125180,판로,높음,,부산국제수산EXPO 연계 바이어 상담회,M28
94,PBLN_000000000117177,금융,경기도,[경기] 성남시 2026년 중소기업 특례보증 지원계획 공고,hwp,2185,"성남시 공고 제2026- 27호 / 2026년 성남시 중소기업 특례보증 지원계획 공고 / 성장잠재력은 있으나 자금조달이 어려운 중소기업을 위하여 자금난을 해소하고 경영안정을 도모하고자 2026년 성남시 중소기업 특례보증 지원계획을 아래와 같이 공고합니다. / 2026. 1. 5. / 성 남 시 장 / 󰊱 지원개요 / ❍ 보증규모: 300억원 / ❍ 자금용도: 운전자금 / ❍ 보증한도 및 기간: 업체별 3억원 이내 / 3년 이내 / ❍ 보증기관: 경기신용보증재단 성남지점 / 󰊲 지원대상 / ❍ 성남시에 소재한 「중소기업기본법」제2조 규정에 의한 중소기업 / ☞ 지원대상에 해당하더라도 경기신용보증재단의 보증기준에 미달 시 보증지원 불가 / 󰊳 지원제외대상 / ❍ 지원 제한업종(붙임1 참조) / ❍ 지방세 및 세외수입 체납기업 / ❍ 신청일 현재 휴·폐업 중인 기업 / ❍ 기업 또는 대표자(공동대표, 실제 경영자 포함)가 신청일 현재 신용 / 관리정보에 규제된 사실이 있는 기업 / ❍ 신청일 현재 사업장 또는 거주주택이 권리침해(경매, 압류, 가압류, / 가처분, 가등기) 중인 기업 / ❍ 사업장에 중대한 불법이 있는 경우 / ❍ 허위 또는 기타 부정한 방법으로 신청한 경우 / ❍ 빈번한 연체 보유 기업 등 / 󰊴 신청 및 접수 / ❍ 신청기간: 수시(자금소진 시까지) / ❍ 상담 및 안내 / ⦁온라인 상담(http://www.gcgf.or.kr) / ⦁경기신용보증재단 성남지점: ☎ (031)690-4457 / ⦁성남시 기업혁신과: ☎ (031)729–2634 / ❍ 접수방법: 경기신용보증재단 성남지점 방문접수 / ⦁위 치: 성남시 분당구 분당로53번길 3, 3층(서현동) / ⦁연 락 처: ☎ 031-690-4457 / ❍ 지원절차 / 󰊵 구비서류 / ① 중소기업 특례보증 지원신청서[별지1",https://www.bizinfo.go.kr/sii/siia/selectSIIA200Detail.do?pblancId=PBLN_000000000117177,보증,높음,,성남시 중소기업 특례보증 300억,M28
95,PBLN_000000000124832,경영,고용노동부,2026년 5차 재취업지원서비스 기업컨설팅 지원 사업장 모집 변경 공고,hwp,1644,"지원내용: 컨설팅수행기관을 통해 사업장의 재취업지원서비스 제도 도입 및 설계, 운영 방식 및 성과관리체계 등 관련 컨설팅 제공 / □ 사업절차 / □ 모집개요 / ○ 신청기간: 2026. 7. 27. ~ 2026. 8. 31. * 컨설팅 기간: `26. 9. 7. ∼ 11. 27. / ○ 신청방법 / ① 단일기업 신청 / ⚬ 온라인 신청: 노사발전재단 누리집(www.nosa.or.kr) > 사업소개 > 중장년고용 > 재취업지원서비스 기업컨설팅 > 페이지 하단‘기업컨설팅(재취업 / 지원규모: 총 300개소 / □ 지원대상: 재취업지원서비스 의무대상기업 및 제도 도입‧개선 희망 기업 / □ 지원내용: 컨설팅수행기관을 통해 사업장의 재취업지원서비스 제도 도입 및 설계, 운영 방식 및 성과관리체계 등 관련 컨설팅 제공 / □ 사업절차 / □ 모집개요 / ○ 신청기간: 2026. 7. 27. ~ 2026. 8. 31. * 컨설팅 기간: `26. 9. 7. ∼ 11. 27. / ○ 신청방법 / ① 단일기업 신청 / ⚬ 온라인 신청: 노사발전재단 누리집(www.nosa.",https://www.bizinfo.go.kr/sii/siia/selectSIIA200Detail.do?pblancId=PBLN_000000000124832,컨설팅,높음,,재취업지원서비스 제도 도입 컨설팅,M28
96,PBLN_000000000117075,금융,경기도,[경기] 부천시 2026년 특례보증 지원 계획 공고,hwp,3418,"지원내용 : 담보력이 부족한 저신용·창업 중소제조기업에 일반보증보다 심사기준 완화하여 특례보증 지원 / 〇 보증한도 : 1억 원 이내 / 〇 보증기간 : 5년 이내 / 〇 보증기관 : 경기신용보증재단 부천지점 / □ 지원대상 및 한도 / 〇 지원대상 : 관내 저신용·창업 중소제조기업 / ※ 지원대상에 해당하더라도 경기신용보증재단 보증기준 미달 시(보증한도 초과, 심사기준 미달 등) 보증지원 불가 / □ 지원 제외대상 / 〇 부천시 지방세 체납액이 있는 기업 / 〇 추천일 현재 / 지원한도액을 초과하는 기업 / 〇 기존대출금 상환을 위한 자금신청 기업 / 〇 휴업중인 기업 / 〇 거짓 또는 기타 부정한 방법으로 특례보증 신청한 기업 / ※ 그 외 경기신용보증재단 보증신청자격(보증금지, 보증제한기업) 준용 / □ 지원절차 및 구비서류 / ※ 특례보증 신청 시 부천시 중소기업육성자금 지원신청 동시 접수 / (단, 자금 접수 전 및 자금 소진 등의 경우에는 특례보증만 신청 가능) / ※ 경기신용보증재단에서 특례보증이 확정되어도 대출은행의 담보 및 신용도 평가에 따",https://www.bizinfo.go.kr/sii/siia/selectSIIA200Detail.do?pblancId=PBLN_000000000117075,보증,높음,,부천시 특례보증. 보증한도 1억,M28
97,PBLN_000000000125368,창업,중소벤처기업부,민관협력 오픈이노베이션 지원 공공데이터 활용 지원 공공기관 제안 협업 과제 (Top-Down) 모집 공고,hwpx,4803,"지원내용 : / 창업기업 대상 / 공공기관과 협업 추진에 필요한 / 사업화 자금 / (과제별 최대 1억원) / 및 / 후속 연계 지원 / ◦ / (사업화 자금) / 공공기관 제공 데이터 분석‧처리, 공공데이터 활용 기술검증(PoC), / 제품·서비스 개발 등에 소요되는 자금 지원 / * 창업기 / 업 선정평가 후 과제별 지원 금액 확정, 사업비 집행 기준 별도 안내 / ◦ / (후속 연계 지원) / 중소벤처기업부 기술개발 지원사업 연계 지원 / 사업 구분 / 지원 내용 / 창업성장기술개발(디딤돌) / • 최 / 지원 내용 / 창업성장기술개발(디딤돌) / • 최대 1.5년, 2억원 / 민관공동기술사업화(구매연계·상생협력) / • 최대 2년, 6억원 / ※ 개 / 별 / 사업의 요건에 따라 지원 여부 및 내용은 변동될 수 있으며, 추후 / 별도 안내 / □ / 협약기간 : / 협약 시작일로부터 5개월 내외 / (’26.11월 ~ ’27.3월 예정) / * / 최종 선정된 창업기업은 정부지원사업비 교부 이전이더라도 협약 시점부터 집행한 사업비를 소급하여 적용 가능 / □ / 추진절차 / 공공기관 제안협업 과제 모집 / ▶ / 협업",https://www.bizinfo.go.kr/sii/siia/selectSIIA200Detail.do?pblancId=PBLN_000000000125368,사업화,높음,,공공데이터 활용 PoC·제품 개발 사업화 자금 최대 1억,M28
98,PBLN_000000000125145,경영,인천광역시,[인천] 미추홀구 2026년 하반기 착한가격업소 신규 모집 공고,hwpx,2536,"미추홀구 공고 제 2026–1262호 / 2026년 하반기 착한가격업소 신규 모집 공고 / 우리 구에서는 지역 물가안정에 기여해 온 업소를 착한가격업소로 지정하여 / 지원 하고자 / 다음과 같이 신규 지정 신청 공고합니다. / 2026. 7. 31. / 미 추 홀 구 청 장 / 1. 접수기간 / : 2026. 8. 3. ~ 2026. 9. 4. / 2. 접수대상 / : 개인사업자, 법인으로서 서민생활과 밀접한 개인서비스요금(통계청 분류)에 해당하는 업종에 대해 시민에게 직접 소매 단위로 물품‧ 서비스 등의 판매행위를 하는 업소 / (예: 외식업, 이·미용업, 목욕업, 숙박업 등) / 3. 신청방법 / ❍ 영업자 직접 신청 / ❍ 물가모니터요원, 동장, 소비자단체 등 추천 / 4. 접수방법 / ❍ / 아래 / (붙임1) 문서 작성 후 / 팩스 또는 이메일 접수 / * 팩 스: 032)880-4872 / * 이메일 : zeze1011@korea.kr / 5. 지정 제외 대상 / ▪ 지역의 평균가격을 초과하는 업소 / ▪ 최근 2년 이내 행정처분 및 과태료 / * / 처분을 받은 적이 있는 경우 / * 업소 운영과 직접 관련 있는 처분 의미 / ※ 단, 바가지요금의 경우는 1차 처분(시정명령, 경고, 시정권고 등) 포함 / ▪ 지방세를 3회 이상 또는 100만원 이상 체납하고 있는 업소(신청일 기준) / ▪ 영업 개시 후 6개월이 경과하지 않은 경우 / ▪ 옥외가격 표시제, 원산지 표시제 등 중앙 및 지자체 의무시책 미이행 / ▪ / 가맹사업자(프랜차이즈) 업소 / 6. 착한가격업소 지정 시 수혜사항 / ❍ 미추홀구 홈페이지에 착한가격업소 소개 및 홍보지원 / ❍ 착한가격업소 인증 표찰 제작 지원 / ❍ 식재료, 소모품 등 인센티브 지원 / 7. 기타사항 : / 기타 자세한 사항은 미추홀구",https://www.bizinfo.go.kr/sii/siia/selectSIIA200Detail.do?pblancId=PBLN_000000000125145,,보통,컷오프미달,자격인증(학습 8건). 착한가격업소 지정. 금전 지원이 아니라 지정 제도로 볼 여지도 있음,M28
99,PBLN_000000000124438,경영,경기도,[경기] 2026년 수출기업인의 날 표창 대상자 모집 공고,hwp,1178,"「2026년 경기도 수출기업인의 날」 표창 대상자 모집 / 「2026년 경기도 수출기업인의 날」 수출증진과 해외시장 개척 등에 공헌한 수출 중소기업 및 임직원에 대한 표창 대상자를 아래와 같이 모집하오니, 수출증진과 해외시장 개척에 공적이 있는 경기도 내 수출 중소기업과 유관기관에서는 많은 참여를 바랍니다. / (사)경기도수출기업협회장 / 1. 시상시기 : ’26. 12. 8.(화) 「2026 경기도 수출기업인의 날」 행사 시 수여 / 2. 표창대상 : 경기도 내 중소기업으로서 우수 수출기업 및 교류협력 활동에 기여한 수출 중소기업 및 유공자 등 / 3. 선정규모 : 총 70개사 / 4. 표창훈격 : 총 70 점 / (내부) 경기도지사, 경기도경제과학진흥원장, 경기신용보증재단이사장, 경기도수출기업협회장 / (외부) 산업통상부장관, 중소벤처기업부장관, 경기지방중소벤처기업청장, KOTRA사장, 중소벤처기업진흥공단이사장 / ※ 표창 훈격은 해당 기관의 사정에 따라 변경될 수 있습니다. / 5. 표창대상자 선정과정 / 6. 신청기간 : 2026. 9. 4.(금)까지 / 7. 신청방법 / 가. 신청방법 : 경기기업비서(www.egbiz.or.kr)에서 온라인 신청 / ① 기업회원으로 가입 / 로그인 / ② 로그인 ⇒ (상단) 나의 지원사업 ⇒ 나의 서류함에서 등록 / ③ 온라인 신청 ⇒ 메인 화면에서‘2026년 경기도수출기업인의 날 수출 유공자 모집’검색 ⇒ (하단) 지원사업 신청 ⇒ 기본정보 입력후 (하단) 제출서류정보, 나의 서류함 필수제출 파일 업로드 / ④ 보완요청시 ⇒ (상단) 나의 지원사업 ⇒ 현재 참여사업 ⇒ 신청서 확인 / ⇒ (사)경기도수출기업협회 ☎ 031-259-6461~3 / 나. 첨부 신청 양식에 작성 / ① 경기기업비서(www.egbiz.or.kr)에서 온라인 신청 및",https://www.bizinfo.go.kr/sii/siia/selectSIIA200Detail.do?pblancId=PBLN_000000000124438,,높음,대상밖-비지원,수출기업인의 날 표창 대상자 모집. 금전 지원이 아니다,M28
100,PBLN_000000000117103,금융,대전광역시,[대전] 유성구 2026년 소상공인 특례보증 지원사업 공고,hwp,1514,"지원내용 / 가. 보증(대출)한도: 1업체당 최대 3천만원 이내(보증심사를 거쳐 보증금액 확정) / 나. 대출기간: 2년 거치 일시상환 / 다. 대출금리: 협약금리 적용 / 라. 대출이자: 대출 실행 이자의 연 3%를 2년간 지원 / 마. 신용보증수수료: 보증수수료 2년치 전액 지원(보증금액의 연 1.1%) / 6. 신청방법: 비대면 신청 원칙(보증드림 앱 또는 하나은행 앱) / ※ 만 70세이상 고령자 대면 접수 가능(대전 내 하나은행 또는 재단 영업점 방문) / 7.  / 지원규모: 84억원 / Track1 일반 소상공인 60억 + Track2 창업기업(기술기반업종) 24억 / 3. 지원대상:「소상공인기본법」에 따른 소상공인(개인신용평점 NICE기준 515점 또는 KCB기준 495점 이상) / * 기술기반업종: 중소벤처기업부 통계자료 작성 시 기준이 되는 제조업+지식기반서비스업(정보통신, 전문· / 과학·기술, 사업지원, 교육, 보건·사회복지, 창작·예술·여가)에 해당하는 업종 [붙임 1] / 4. 대출방식: 대전신용보증재단 보증서 담보",https://www.bizinfo.go.kr/sii/siia/selectSIIA200Detail.do?pblancId=PBLN_000000000117103,보증,높음,,유성구 소상공인 특례보증 + 이자·보증수수료 지원,M28
101,PBLN_000000000125127,금융,경상남도,[경남] 2026년 3분기 중소기업육성자금 일반자금 지원계획 공고,hwpx,27163,"지원내용 및 조건 /  / (지원내용) / 중소기업육성자금에 대한 이차보전 /  / (지원조건) / 동 자금은 / 경상남도와 취급은행 간 협약에 의해 지원 / 되는 사업으로, / 은행여신규정에 의한 대출조건 / (담보, 보증서 제공 등) / 을 충족 / 해야 함 / - / 직접 대출이 아닌 / 은행권 협조 대출에 대한 / 이차보전 사업 / 임 / - / 대출금리는 취급은행에서 결정하며, 이차보전율과 대출(상환)기간은 / 자금 종류별로 다름 / - 업체당 지원한도는 경영안정자금과 시설설비자금을 별도 산정 / - / 지원규모 / : / 1,800억원 / (단위 : 억원, %) / 자금구분 / 규모 / 용도 / 한도 / 대출기간 / 이차보전율 / 합계 / 1,800 / 경영안정자금 / 1,000 / 일반·대환대출 / 10 / 2~3년 / 1.2~2.1 / 시설설비자금 / 800 / 건축·임차·매입 / 20 / 5~10년 / 0.75~2.0 / ※ 경영안정자금 지원 한도 : 최근연도 결산재무제표 상 매출액 1/2 범위 내*(2억 원 이하 신청 기업은 미적용) / * '25.1.1. 이후 창업기업은 5억 원 내(창업기업확인서 제출 필수) / 2. 지원대상 /  / 경 / 지원조건) / 동 자금은 / 경상남도와 취급은행 간 협약에 의해 지원 / 되는 사업으로, / 은행여신규정에 의한 대출조건 / (담보, 보증서 제공 등) / 을 충족 / 해야 함 / - / 직접 대출이 아닌 / 은행권 협조 대출에 대한 / 이차보전 사업 / 임 / - / 대출금리는 취급은행에서 결정하며, 이차보전율과 대출(상환)기간은 / 자금 종류별로 다름 / - 업체당 지원한도는 경영안정자금과 시설설비자금을 별도 산정 / - / 특별자금 / (경영안정, 시설설비) / 한도는 별도 구분해 지원되는 일반자금 / (경 / 지원",https://www.bizinfo.go.kr/sii/siia/selectSIIA200Detail.do?pblancId=PBLN_000000000125127,융자,높음,,"중소기업육성자금 이차보전 1,800억",M28
102,PBLN_000000000125345,인력,고용노동부,[전남광주] 2026년 전남형 신중년 사회연대경제 노동통합 모델 구축사업 참여기업 상시 모집 공고,hwp,3376,"지원내용 / - 운영형태 : 시간제 인턴십 방식 운영(1인 주 15시간) / - 운 영 비 : 기업 운영비 23만원 / 참여자 65만원 / (기업지원금) 월 23만원 지급 : 환경 조성 등 기관 운영비 / (참여자) 월 65만원 지급 : 활동비 및 교통비(공무원 여비기준 준용) / * 사경센터에서 참여자를 직접 모집하여, 참여자 활동비는 참여자에게 직접 지급 / - 기업 지원효과 : 신중년 전문인력 연계, 경영 및 사업 운영 체계 개선, 문서화 및 업무 프로세스 구축,",https://www.bizinfo.go.kr/sii/siia/selectSIIA200Detail.do?pblancId=PBLN_000000000125345,고용보조,높음,,시간제 인턴십. 기업 운영비 23만원 / 참여자 활동비 65만원,M28
103,PBLN_000000000118032,경영,전북특별자치도,2026년 전북특별자치도 관광객 유치 여행사 보상금 지급 공고,hwp,3892,"지원내용 : 단체 관광객 숙박비, 문화체험비, 차량임차비 등(세부기준 참고) / ○ 지원기준 : 외국인 10인이상, 내국인 20인이상 단체관광객의 1박 이상 도내 숙박 및 신청일자별 관광지 1개소 이상 방문, 식사 1식 이상(호텔식 제외) 필수 / ○ 지원기간 : 2026. 1. 26. ~ 예산 소진 시까지 / - 예산소진 시점(해당 월)에 다수업체가 신청할 경우에는 잔여예산 범위 내에서 신청 순서대로 지원하며, 사전 계획서가 접수되었더라도 지원하지 않음 / -",https://www.bizinfo.go.kr/sii/siia/selectSIIA200Detail.do?pblancId=PBLN_000000000118032,,높음,대상밖-관광,여행사 관광객 유치 보상금. 기존 50건에서도 같은 유형을 제외했다,M28
104,PBLN_000000000125176,기술,문화체육관광부,2026년 문화체육관광 연구개발사업 기술사업화 및 글로벌 전시 참가기업 모집 공고,hwp,1381,"공고 제2026-0869호 / 2026년 문화체육관광 연구개발사업 기술사업화 및 글로벌 전시 참가기업 모집공고 / 문화체육관광부와 한국콘텐츠진흥원 부설 한국문화기술기획평가원은 기술사업화 및 글로벌 전시 지원사업을 통해 문화기술 경쟁력 강화 및 해외 진출 기반을 마련하고자 참가기업을 모집하오니 많은 신청 바랍니다. / 2026년 8월 5일 / □ 개요 / ㅇ 공고명: 2026년 문화체육관광 연구개발사업 기술사업화 및 글로벌 전시 참가기업 모집 / ㅇ 공고대상: 문화체육관광 분야 연구개발사업(과제) 수행 경험이 있는 연구개발기관 / ㅇ 공고기간: 2026. 8. 5.(수) ~ 17.(월), 18:00까지 / ㅇ 사업목적 / □ 지원요강 / □ 선정평가 절차 / ※ 상황에 따라 일정은 변경될 수 있음 / ➊ 공고 및 접수 / - 접수기간: 2026. 8. 5.(수) ~ 17.(월), 18:00까지 / - 공고 및 접수처 / ➋ 사전검토 / - 제출서류, 신청자격 및 지원요건, 신청자격 부적합 대상 등 검토 / ➌ 서면평가 / - 선정평가위원회에 의한 서면평가 실시 / - 참가신청서 등 제출 서류를 기반 서면평가(고득점 순 10개 기업(기술) 선정) / ➍ 결과 통보 / - 선정평가 결과를 연구개발기관과 신청자에게 통보 / □ 선정평가 기준 / □ 제출 서류 / □ 신청 방법 및 기간 / ㅇ 신청방법: 한국콘텐츠진흥원 사업관리시스템(pms.kocca.kr) 접수 / ㅇ 신청기한: 2026. 8. 17.(월) 18:00까지(마감 이후 접수 및 수정 불가) / ※ 마감 시간 이후 접수는 불가능하므로 시간 엄수 / □ 신청 시 유의사항 / ㅇ 제출 서류는 지원사업 운영사와 파트너 전문가 등에 제공될 수 있음. / ㅇ 지원사업 선정 후 참가기업이 불성실 참여, 불참, 정당한 사유 없이 포기(중도 하",https://www.bizinfo.go.kr/sii/siia/selectSIIA200Detail.do?pblancId=PBLN_000000000125176,사업화,낮음,,문화기술 R&D 기술사업화 + 글로벌 전시. 원문 발췌가 개요뿐이라 사업화/판로 구분이 약하다,M28
105,PBLN_000000000120138,금융,인천광역시,[인천] 중동 수출 중소기업 긴급 경영안정자금 지원 공고,hwp,1557,"지원내용: 은행 대출 운전자금의 이자차액보전 / ○ 지원 한도: 업체당 5억 원 이내(매출액의 1/3 이내) / ○ 지원 기간: 1년(만기 일시 상환) / ○ 지원 금리: 이차보전 2.0%p 균등 지원 / 5. 기타 조건 / ○ 대출 가능 여부 신청 전 대출 은행과 사전상담 필요 / ※ 직접대출 및 보증이 아니며, 대출 가능 여부는 사전에 업체가 은행에 직접 확인 요망 / ○ 대출 금리: 시중 자율 금리(고정 및 변동 등 기업체 자율 선택) / ○ 대출 유효 기간: 지원 / 지원규모: 500억 원 / 2. 지원구분: 경영안정자금(이자차액보전) / 3. 지원대상: 인천광역시 경영안정자금 지원 업종* 중 아래 요건을 충족하는 기업 / * 관내 공장등록·운영 중인 제조기업(제조업 전업률 30% 이상) 또는 제조업 관련업(별첨 참고) / ○ 신청일 기준 최근 1년 이내 중동 지역 수출실적이 있는 기업, 중동 지역으로 수출 이력이 있는 기업과 거래 실적이 있는 기업 / 4. 지원내용: 은행 대출 운전자금의 이자차액보전 / ○ 지원 한도: 업체당 5",https://www.bizinfo.go.kr/sii/siia/selectSIIA200Detail.do?pblancId=PBLN_000000000120138,융자,높음,,경영안정자금 이자차액보전 2.0%p,M28
106,PBLN_000000000124906,내수,강원특별자치도,[강원] 원주시 2026년 2차 중소기업 우수제품 박람회 참가기업 모집 공고,hwp,1448,"강원특별자치도경제진흥원 공고 제2026-344호 / 원주시 우수 중소기업의 제품 홍보 및 판매 촉진을 위하여 아래와 같이 「2026년 원주 중소기업 우수제품 박람회」 참가기업을 추가 모집하오니 많은 신청 바랍니다. / 2026년 7월 24일 / 강원특별자치도경제진흥원장 / ○ 행 사 명 : 2026년 원주 중소기업 우수제품 박람회 / ○ 주최/주관 : 원주시 / (재)강원특별자치도경제진흥원 / ○ 일 정 : 2026. 10. 2.(금) ~ 10. 4.(일), 3일간 / ○ 장 소 : 원주시 젊음의 광장 ※ 원주시 단구로 170 / ○ 운영내용 : 전시·판매 및 체험부스, 무대 공연 등 각종 이벤트 운영 / ○ 규 모 : 80여개 부스(판매 및 체험부스 75, 공공부스 5개소) / ○ 참가품목 : 식품, 화장품, 생활용품, 모빌리티 등 ※ 의료기기 제외 / ○ 참 가 비 : 없음 (운영인력, 홍보리플렛, 추가비품*은 참가기업 자부담) / *추가비품 신청 등은 추후 별도 안내 / ○ 주요일정(안) / ○ 모집규모 : 75개사 내외 / ○ 신청자격 : 본사 또는 공장이 원주시에 소재하는 중소·제조기업 / ※ 사업자등록증상 제조업 등록 必, 체험부스 및 플리마켓은 미해당 / ○ 신청기간 : 2026. 7. 24.(금) ~ 8. 13.(목) / ○ 신청방법 : 담당자 이메일 제출 ( gwep3362@naver.com) / ○ 제출서류 / ○ 기업별 부스 무료제공(중복제공 불가) / - 일반부스 : 참가기업 제품 홍보·판매 / - 체험부스 : 무료 체험이벤트 운영 및 제품 판매(접수마감) / - 플리마켓 : 부스 외 별도 판매대 제공, 제품 판매 / ○ 온·오프라인 박람회 홍보물을 통한 참가기업 제품 홍보 / ○ TV홈쇼핑 송출 지원(접수마감) / - 공영홈쇼핑 송출 및 이벤트 기간 내 무대",https://www.bizinfo.go.kr/sii/siia/selectSIIA200Detail.do?pblancId=PBLN_000000000124906,판로,높음,,중소기업 우수제품 박람회 전시·판매 부스,M28
107,PBLN_000000000119193,인력,전남광주통합특별시,[광주] 2026년 직장문화 개선 컨설팅 참여 기업ㆍ기관 신청 안내 공고,hwp,792,"지원내용 / - (인사노무) 취업규칙, 임금 및 보상 체계, 법정 복리후생 규정 정비 등 / - (조직문화) 근무체계 개편, 모·부성권 보호, 가족친화문화조성 등 점검 / - (근로환경) 근로 환경 개선, 안전·보건 및 재해보상 등 자문 / - 기타 기업 애로사항 자문 등 / ❍ 지원방법 : 전문가(공인노무사) 현장 방문 1:1: 컨설팅 지원 / - 1개소당 3회(1회 2시간) 컨설팅 지원 / 2. 신청방법 및 문의처 / ❍ 접수기간 : 2026. 3. 5.(목) ~ 신청 완료",https://www.bizinfo.go.kr/sii/siia/selectSIIA200Detail.do?pblancId=PBLN_000000000119193,컨설팅,높음,,노무사 현장 방문 1:1 직장문화 개선 컨설팅,M28
108,PBLN_000000000124987,내수,부산광역시,[부산] 2026년 스마트제조 IT기업(공급기업) 국내  전시회 개별참가 지원기업 모집 공고,hwpx,4341,"지원내용 : / 2026년 전시(박람)회 개별 참가 부스 임차료 및 장치비 / □ / 지원예산 : 약 750만 원 / □ / 지원규모 : 3개사 내외 (기업당 250만 원 한도 지원) / □ / 지원기간 : 공고일로부터 2026년 11월 말까지 / □ / 지원방법 : 선정기업을 대상으로 간접지원 방식으로 지원 / 3. 지원대상 / □ / 다음 요건을 충족하는 기업 / ◦ 사업공고일 기준 부산지역에 본사, 지사, 연구소 또는 사업장을 보유한 기업 / ◦ 스마트공장 구축, 제조DX, 제조AI, MES, / 지원규모 : 3개사 내외 (기업당 250만 원 한도 지원) / □ / 지원기간 : 공고일로부터 2026년 11월 말까지 / □ / 지원방법 : 선정기업을 대상으로 간접지원 방식으로 지원 / 3. 지원대상 / □ / 다음 요건을 충족하는 기업 / ◦ 사업공고일 기준 부산지역에 본사, 지사, 연구소 또는 사업장을 보유한 기업 / ◦ 스마트공장 구축, 제조DX, 제조AI, MES, ERP, POP, 설비연동, 데이터 수집·분석, 자동화, 로봇, IoT 등 스마트제조 관련 솔루션 또는 서비스,",https://www.bizinfo.go.kr/sii/siia/selectSIIA200Detail.do?pblancId=PBLN_000000000124987,판로,높음,,국내 전시회 개별참가 부스 임차료·장치비,M28
109,PBLN_000000000118213,기술,경기도,[경기] 2026년 가구디자인창작공간운영사업 경기가구창작스튜디오 공동장비 활용 지원 참여기업 모집 공고,hwp,2276,"지원내용 : 시제품 제작에 필요한 목공 기계·장비 사용 기회 제공 / □ 사용장소 : (재)경기대진테크노파크 시험생산동 2, 3층 / □ 주요 지원 내용 / □ 신청기간 : 공고게시일로부터 상시모집 / □ 신청방법 /  온라인 접수(이메일) : songy64@gdtp.or.kr / ※ 제출서류는 PDF 파일로 제출 /  사업 신청서는 건별(일수, 횟수)로 제출 / ※ 업체별 신청 횟수 제한 없음(단, 시제품 제작에 필요한 작업만 가능) / ※ ex) 2건(2일, 2회) 사 / 지원 내용 / □ 신청기간 : 공고게시일로부터 상시모집 / □ 신청방법 /  온라인 접수(이메일) : songy64@gdtp.or.kr / ※ 제출서류는 PDF 파일로 제출 /  사업 신청서는 건별(일수, 횟수)로 제출 / ※ 업체별 신청 횟수 제한 없음(단, 시제품 제작에 필요한 작업만 가능) / ※ ex) 2건(2일, 2회) 사용 시 사용신청서 2장 제출 / □ 신청 시 참고사항 /  지원대상 : 가구 제조 소공인 / - 중소기업확인서 기준 소상공인, 사업자등록증명 기",https://www.bizinfo.go.kr/sii/siia/selectSIIA200Detail.do?pblancId=PBLN_000000000118213,사업화,보통,,시제품 제작용 목공 장비 사용 지원. 학습셋 시제품 14건이 전부 사업화,M28
110,PBLN_000000000125378,기타,울산광역시,[울산] 2026년 일자리창출 우수 강소기업 선정사업 모집 공고,hwp,3345,"지원규모 : 10개사 / □ 인증기간 : 2년(최종 선정일로부터 2년간) / □ 지원대상 : 상시근로자수 10인 이상 울산 소재 중소기업(신청자격 참조) / □ 추진일정 / ※ 추진일정은 변경 될 수 있음 / □ 신청기업 자격요건 / ❍ 공고일 현재 본사와 사업장이 울산광역시에 소재한 기업으로 2년 이상 정상적으로 운영 중인 기업 / ❍ 상시근로자 수 10인 이상 기업 / ❍ 제조업, 제조업 관련 서비스업, 지식서비스업, MICE관련업 등 업종에 해당할 것 / ❍ 중소기업기본법",https://www.bizinfo.go.kr/sii/siia/selectSIIA200Detail.do?pblancId=PBLN_000000000125378,,보통,컷오프미달,자격인증(학습 8건). 일자리창출 우수 강소기업 선정·인증 2년,M28
111,PBLN_000000000124839,창업,경기도,[경기] 시흥시 2026년 스타트업 통합 IR데이 참여기업 모집 공고,hwp,1412,"지원내용 / ※ ‘IR 고도화’ 및 ‘IR 데이 운영’ 참여기업은 ‘IR 기초’ 수료자 중 선발하여 지원 /  모집기간 : 공고일 ~ 2026. 8.13.(목) /  모집규모 : (IR 기초)20개사, (IR 고도화 및 IR데이 운영)10개사 /  신청방법 : 구글폼 또는 포스터 내 QR코드 작성 (https://buly.kr/Ga01HgQ) /  추진절차 / ※ 세부 운영일정은 사업진행 상황에 따라 변경될 수 있음 / ❍ 행 사 명 : 2026년 시흥시 통합 I",https://www.bizinfo.go.kr/sii/siia/selectSIIA200Detail.do?pblancId=PBLN_000000000124839,창업보육,낮음,,IR 기초·고도화 교육 + IR데이 운영. 교육훈련으로 볼 여지 있음,M28
112,PBLN_000000000117737,인력,대전광역시,[대전] 2026년 소상공인 인건비 지원사업 공고,hwp,2985,"지원내용 : 근로자 1인당 150만원 (50만원×3개월) / ㅇ 지원절차 / 󰊱 지원 자격 / 󰊲 지원 제외 / ㅇ 신청기간 : 2026. 1. 21.(수) ~ 11. 30.(월) 18:00 / ㅇ 신청방법 : 온라인 접수(대전비즈 홈페이지) / ※ 대전비즈홈페이지 회원가입 시 ‘기업회원’ 으로 가입 및 로그인해야 신청 가능 / ㅇ 선정방법 : 접수일 기준 선착순 지원 / 예산 소진 시 조기 마감 / ※ 사업신청 후 보완 필요시 보완이 완료된 날을 접수일로 하며, 보완",https://www.bizinfo.go.kr/sii/siia/selectSIIA200Detail.do?pblancId=PBLN_000000000117737,고용보조,높음,,소상공인 근로자 1인당 150만원 인건비,M28
113,PBLN_000000000120976,내수,전남광주통합특별시,[광주] 2026년 광주산업화디자인프로젝트 글로벌 디자인 전문기업 육성 지원 참여기업 모집 공고,hwp,1901,"지원내용 / - 국내·외 공모전(GD, Red Dot, iF, IDEA, PINUP, CES 등) 운영시기를 고려한 출품비 지원 / - 공모전 출품 관련 전문가 기술 자문 지원(희망 기업에 한함) / ○ 지원조건 및 유의사항 / - 디자인비즈광주플랫폼 회원가입 후 신청 必 / - 지원금은 기업당 최대 3,000천원 한도이며, 적격성 심사 결과 등에 따라 지원 한도가 조정될 수 있음 / - 선정 후 협약 기간은 공모전 추진 일정을 참고하여 최대 2026년 10월 이내로 협약 / 지원조건 및 유의사항 / - 디자인비즈광주플랫폼 회원가입 후 신청 必 / - 지원금은 기업당 최대 3,000천원 한도이며, 적격성 심사 결과 등에 따라 지원 한도가 조정될 수 있음 / - 선정 후 협약 기간은 공모전 추진 일정을 참고하여 최대 2026년 10월 이내로 협약 체결(예정) / - 부가가치세 및 초과 금액(운송비, 심사비, 통·번역비 등)은 출품자 부담 / - 선정기업 대상 사업비 집행 프로세스 및 증빙서류 별도 안내 / - 선정 후, 프로그램 미이행 및 결격사",https://www.bizinfo.go.kr/sii/siia/selectSIIA200Detail.do?pblancId=PBLN_000000000120976,경진대회,보통,,국내외 디자인 공모전 출품비 지원. 학습셋 공모전 → 경진대회 7건,M28
114,PBLN_000000000122952,금융,전남광주통합특별시,2026년 영세 소상공인 중소금융권 금융비용 지원사업 재공고,hwpx,5322,"지원내용 / - ’25년도 신규 대출자가 / ’25~26년 / 납부한 이자 일부 / (최대 12개월분*, 1인당 / 100만원 한도 / ) / * 신청 시 대출기간이 12개월미만이더라도 이자지원시(7월, 9월, 12월)까지 납입한 이자지원 예정 / ❍ 지원방법 : 소상공인 금융비용지원 신청 → 재단 심사 후 지원자 명단 확정 → 7월 중, 9월 중, 12월 중 이자지원 / ※ 명단 확정 후 이자지원시 이자 납입증명서 등 서류 제출 必 / 2 / 세부내용 / 󰊱 지원대상 / ❍ 신청대상 : / / 지원한도 : 이자 지원액 기준 최대 100만원 / ❍ 다중채무 : 다중채무자의 경우 합산하여 지원한도 내에서 지원 / 󰊳 / 지원절차 / ※ 상황에 따라 변경될 수 있음 / 󰊱 금융비용 지원사업 / 신청서 제출 / 󰁾 / 󰊲 / 적격여부 심사 및 선정통보 / 󰁾 / 󰊳 이자지원 신청(1차) / 사업주 ￫ 광주경제진흥상생일자리재단 / ( ~11월) / *금융거래 확인서 제출 / 재단 → 사업주 / (수시) / 신청(사업주→재단, 6월말까지) / *이자납입증명서 제출 / 󰊴 이자지원(1차) / 󰊵 / 이자지원 신청(2차) / 󰊶 /",https://www.bizinfo.go.kr/sii/siia/selectSIIA200Detail.do?pblancId=PBLN_000000000122952,융자,보통,,영세 소상공인 대출이자 최대 100만원 지원. 이차보전 계열,M28
115,PBLN_000000000123863,기술,경기도,[경기] 디스플레이 기술개발 지원사업 기술실증 및 성능평가 지원사업 공고,hwp,1020,"지원내용 / ○ 기술실증 및 성능평가 지원사업 공고일이 속한 달 1일부터 진행된 분석건부터 신청 가능 / ○ 기업(영리기관)이 자체 비용으로 선지출한 분석비의 최대 80% 금액 지원 (공급가액기준) / ○ 경기도 내 연구기관(차세대융합기술연구원, 한국전자기술연구원, 한국세라믹기술원, 한국나노기술원)을 활용한 패널 시제품·시작품의 성능평가 및 물성분석 비용 지원 / □ 지원절차 / □ 유의사항 / ○ 본 지원사업은 배정된 2026년도 예산 소진 시 종료됩니다. / ○ 아래의 경",https://www.bizinfo.go.kr/sii/siia/selectSIIA200Detail.do?pblancId=PBLN_000000000123863,성능인증,보통,,패널 시제품 성능평가·물성분석 비용 80%. 학습셋 성능시험 지원 → 성능인증,M28
116,PBLN_000000000117358,내수,경기도,[경기] 김포시 2026년 우수제품 판매전 E-커머스 입점기업 모집 공고,hwp,894,"(재)김포산업지원센터 공고 제2026-001호 / (재)김포산업지원센터는 “김포금빛몰”을 통해 관내 중소기업 제품의 홍보와 판매지원을하고자 하오니 관내 기업들의 많은 관심과 신청 바랍니다. / 2026년 1월 9일 / (재)김포산업지원센터장 / ○ 사 업 명 : 2026년 우수제품 판매전 E-커머스 / ○ 신청기간 : 연중 / ○ 신청대상 : 김포시에 주소를 두고 김포시에서 생산·가공된 상품에 대한 합법적 통신판매 자격을 갖춘 개인 및 단체 (자체 온라인 쇼핑몰 운영하고 있는 기업) / ○ 김포금빛몰(www.gimpomall.or.kr) 입점기업 모집 / - 온라인 홍보를 통한 기업 매출 증대 기여 / ○ 참여기업의 자체 쇼핑몰을 김포형 E-커머스에 연계하는 허브형 시스템 / - 김포시 중소기업 공동 홍보 플랫폼 / - 향후 센터에서 진행하는 다양한 사업과 연계하여 홍보 및 지원 / ○ 입점신청 제출 서류 / - 입점신청서(서식 1) / - 신청상품정보(서식 2) / - 개인정보 수집 및 이용 동의서(서식 3) / - 입점업체 확인서류(사업자등록증, 통신판매업 등록증 각 1부) / ○ 선정 안내는 서류 심사 이후 개별 통보 / ○ 제출서류는 일체 반환되지 않음 / ○ 기타 확인 불가능한 증빙서류는 불인정 / ○ 신청방법 : 입점신청 서류 구비 후 이메일 접수 / ○ 접수 및 문의처 : / - 접수처 : 김포시 양촌읍 황금1로 122 5층 / iglee@gopa.or.kr / - 문의처 : 김포산업지원센터 기업육성팀(031-981-1329) / [서식1] 입점신청서 / 2026년 우수제품 판매전 E-커머스 입점신청서 / [서식2] 신청상품정보 / 1. 공통 필수 정보 / 2. 상품등록시 필요사항(상세페이지 작성내용) / [서식3] 개인·기업정보 수집, 이용 및 제공 동의서 / 개인·기업",https://www.bizinfo.go.kr/sii/siia/selectSIIA200Detail.do?pblancId=PBLN_000000000117358,판로,높음,,김포금빛몰 E-커머스 입점,M28
117,PBLN_000000000124086,내수,전남광주통합특별시,[전남광주] 2026년 뷰티 라이브커머스 활성화지원 참여기업 모집 공고,hwp,1057,지원내용 / - 라이브커머스 채널 운영 및 SNS 활용 등 뷰티관련 기업 상황에 맞는 / 맞춤형 컨설팅을 통해 온라인 판로 확대 및 자생력 확보 지원 / ❍ 지원 세부내용 / ※ 지원 내용은 변경될 수 있음 / ❍ 접수기한 : 2026. 7. 6.(월) ~ 모집마감시 / ❍ 신청대상 / - 지역 : 광주·전남통합특별시 소재 중소기업 / - 업종 :「화장품법」제2조의 2(영업의 종류)에 따른 화장품업 또는 / 통신 기계기구·응용소프트웨어 등 기술적 요소가 가미된 / 뷰티테 / 지원 내용은 변경될 수 있음 / ❍ 접수기한 : 2026. 7. 6.(월) ~ 모집마감시 / ❍ 신청대상 / - 지역 : 광주·전남통합특별시 소재 중소기업 / - 업종 :「화장품법」제2조의 2(영업의 종류)에 따른 화장품업 또는 / 통신 기계기구·응용소프트웨어 등 기술적 요소가 가미된 / 뷰티테크 기업 / ❍ 사업운영 절차 / ❍ 선정방법 : 자격적격 여부 평가 후 기업선정(서류평가) / ❍ 제출방법 : 광주광역시 기업지원시스템(https://www.gjbizinfo.o / 지원규모 : 광주·전남 뷰티기업 약 15 ~ 20개사 / ❍ 지원내용 / - 라이브커머스 채널 운영 및 SNS 활용 등 뷰티관련 기업 상황에 맞는 / 맞춤형 컨설팅을 통해 온라인 판로 확대 및 자생력 확보 지원 / ❍ 지원 세부내용 / ※ 지원 내용은 변경될 수 있음 / ❍ 접수기한 : 2026. 7. 6.(월) ~ 모집마감시 / ❍ 신청대상 / - 지역 : 광주·전남통합특별시 소재 중소기업 / - 업종 :「화장품법」제2조의 2(영업의 종류)에 따른 화장품업 또는 / 통,https://www.bizinfo.go.kr/sii/siia/selectSIIA200Detail.do?pblancId=PBLN_000000000124086,판로,보통,,뷰티 라이브커머스 채널 운영. 수단에 컨설팅이 섞여 있다,M28
118,PBLN_000000000119158,인력,전북특별자치도,[전북] 2026년 초등학부모 10시 출근제 도입 중소기업 지원 사업 참여기업 모집 공고,hwp,2582,지원내용 : 초등 1~6학년 자녀를 둔 직원 대상 10시 출근제(1시간 단축근로)를 도입하는 50인 미만 도내 중소 제조업체에 지원금 지급 / ⇒ 초등학부모 직원은 임금 삭감 없는 1시간 근무시간 단축 / □ 지원규모 : 100건 정도 / □ 지원금액 : 근로자 1인당 최대 120만원(기업당 연간 최대 3명까지) / □ 지급방법 : 초등학부모 근로자 단축근로제를 도입하는 기업에 지원금 지급 / □ 신청기간 : 2026. 3. ~ 10. *예산소진시 / □ 선정방법 : 참여 / 지원규모 : 100건 정도 / □ 지원금액 : 근로자 1인당 최대 120만원(기업당 연간 최대 3명까지) / □ 지급방법 : 초등학부모 근로자 단축근로제를 도입하는 기업에 지원금 지급 / □ 신청기간 : 2026. 3. ~ 10. *예산소진시 / □ 선정방법 : 참여기업-근로자 간 Ⅰ·Ⅱ·Ⅲ 유형 선택 후 지원 요건 적합성 검토 / □ 지원대상 : 10시 출근제(1시간 단축근로)를 도입하는 50인 미만 도내 중소 제조업체 / - 사업장 요건 : 상시 근로자 수 50인 미만,https://www.bizinfo.go.kr/sii/siia/selectSIIA200Detail.do?pblancId=PBLN_000000000119158,고용보조,보통,,10시 출근제 도입 기업에 근로자 1인당 120만원,M28
119,PBLN_000000000124893,창업,경상북도,[경북] 2026년 청년창업제품 온라인 기획전 판로지원 참가기업 모집 공고(청년창업제품 판로개척 지원사업),hwpx,3171,"지원내용 / : / 온라인 전용 기획관 운영, 상세 페이지 제작, 마케팅 및 광고 지원 등 판로지원 / ○ / 지원기간 / : / 협약체결일 ~ 2026. 12. 15. / ○ / 신청방법 / : / 이메일( / gepa02@gepa.kr / ) 신청 / ○ / 접수기간 / : / 2026. 7. 28.(화) ~ 8. 21.(금) / ※ 기간 내 수시 접수, 예산 소진 시 조기 마감 / 2 / 추진절차 / 모집공고 / 신청·접수 / 서류심사 및 선정평가 / ’26. 7. 28. / ’26. 7. 28. / ∼ 8. 21. / 기간 내 수시 접수,  / 지원규모 / : / 85개사 내외 / ○ / 입점채널 / : / 롯데온 / ○ / 지원내용 / : / 온라인 전용 기획관 운영, 상세 페이지 제작, 마케팅 및 광고 지원 등 판로지원 / ○ / 지원기간 / : / 협약체결일 ~ 2026. 12. 15. / ○ / 신청방법 / : / 이메일( / gepa02@gepa.kr / ) 신청 / ○ / 접수기간 / : / 2026. 7. 28.(화) ~ 8. 21.(금) / ※ 기간 내 수시 접수, 예산 소진 시 조기 마감 / 2 / 추진절차 / 모집공고 / 신청·접수 / 서류심사 및 선정평가 / ’26. 7. 28. / ’26. / 지원방식 : 유통 플랫폼 내 인프라 및 마케팅 직접 연계 지원 / (플랫폼 일괄 운영) ※ 플랫폼에서 선정기업에게 개별 연락 예정 /  / 지원내용 / 구 분 / 세부내용 / 플랫폼 입점지원 / - 플랫폼 MD의 입점평가 및 매칭 / - 플랫폼 채널 연계 판로 멘토링 지원 / 청년CEO관 운영 / 시즌 카테고리 기반 연간 기획전 운영 / (기획전 5회, 청년세일페스타 3회) / 제품 입점부터 상세페이지 제작 지원 등 MD 밀착 지원 / 우수기업 대상 브랜드관 개최,",https://www.bizinfo.go.kr/sii/siia/selectSIIA200Detail.do?pblancId=PBLN_000000000124893,판로,높음,,롯데온 온라인 기획관·상세페이지·광고,M28
120,PBLN_000000000117794,기술,경상북도,[경북] 2026년 중소기업 정부기술개발공모사업 선정지원 참여기업 모집 공고,hwp,694,지원내용 / □ 신청·접수 / ❍ (신청기간) 공고일로부터 ~ 2026.11.30.(사업비 소진 시까지 상시 접수) / ❍ (추진기간) 승인일로부터 60일 이내 / ❍ (제출서류) / ※ 제출서류는 상기 순서대로 전체 1개 파일(PDF)로 제출 / - 파일제목 : ‘2026 중소기업 정부기술개발 공모사업 선정지원_기업명’ / - 신청서 및 증빙서류의 개별파일 혹은 한글파일 제출 불가 / ❍ (신청방법) (재)경북테크노파크 홈페이지 신청·접수 / - (☎ 전화문의) 053) / 지원규모 : 100건 내외 / □ 프로그램별 지원내용 / □ 신청·접수 / ❍ (신청기간) 공고일로부터 ~ 2026.11.30.(사업비 소진 시까지 상시 접수) / ❍ (추진기간) 승인일로부터 60일 이내 / ❍ (제출서류) / ※ 제출서류는 상기 순서대로 전체 1개 파일(PDF)로 제출 / - 파일제목 : ‘2026 중소기업 정부기술개발 공모사업 선정지원_기업명’ / - 신청서 및 증빙서류의 개별파일 혹은 한글파일 제출 불가 / ❍ (신청방법) (재)경북테크노파크 홈페이지 신,https://www.bizinfo.go.kr/sii/siia/selectSIIA200Detail.do?pblancId=PBLN_000000000117794,컨설팅,보통,,정부 기술개발 공모사업 선정지원. 원문 발췌에 지원항목 표가 안 잡혔다,M28
121,PBLN_000000000120166,인력,제주특별자치도,[제주] 2026년 소상공인 건강검진 지원사업 신청자 모집 공고,hwp,1216,"지원내용 / ■ 신청대상 : 제주도내 소상공인 중 아래와 같은 자격요건을 갖춘 업체 / ⚫ 지원자격 / - 개업일로부터 3년 이상* 사업을 영위중인 사업자 중, 최근 2개년 평균 매출액 80백만 원 미만인 소상공인 (* 공고 시작일 기준) / ⚫ 지원제외대상 / - 2024~2025년 건강검진 지원사업 검진 완료자 / - 휴·폐업 중인 사업자 (매출액 증빙서류 상 매출액이 0원일 경우 휴업상태로 간주) / ■ 모집인원 : 150명 / - 사업자등록증에 기재된 대표자에 한함(공동대표",https://www.bizinfo.go.kr/sii/siia/selectSIIA200Detail.do?pblancId=PBLN_000000000120166,,높음,대상밖-개인복지,소상공인 대표자 건강검진. 기존 50건에서도 같은 사유로 제외했다,M28
122,PBLN_000000000125088,수출,문화체육관광부,한중 문화 및 푸드 교류 페스티벌 참가기업 모집 공고,hwp,2467,"[공고 제2026-호] / <한중 문화 및 푸드 교류 페스티벌> 참가기업 모집 공고 / 한국콘텐츠진흥원은 국내 콘텐츠기업의 해외시장 진출 및 한국 콘텐츠의 / 수요 저변 확대를 위하여 다음과 같이 “한중 문화 및 푸드 교류 페스티벌” / 국내 참가기업을 모집합니다. 많은 관심과 참여 부탁드립니다. / 1. 행사개요 / ※ 세부 일정 및 내용 추후 변동가능 / ㅇ 행 사 명 : 한중 문화 및 푸드 교류 페스티벌 / ㅇ 행사장소 : 중국, 심천 화교성창의문화단지(华侨城创意文化园) / ㅇ 행사일정 : 2026. 11. 18.(수) ~ 11. 21.(토) / ㅇ 행사주최 : 문화체육관광부, 농식품축산부 / ㅇ 행사주관 : 주홍콩한국문화원, 한국콘텐츠진흥원, 한국농식품유통공사 / ㅇ 행사구성 / 2. 모집내용 / ① K-콘텐츠위크 in 선전 / ㅇ 모집기간 : 2026. 8. 3.(월) ~ 8. 18.(화), 오후 14:00(한국시간 기준) / 16일간 / ㅇ 모집대상 : 중국 진출을 희망하는 국내 콘텐츠기업 / ㅇ 모집장르 : 애니메이션/캐릭터IP/웹툰/방송(숏폼) / ㅇ 모집규모 : 20개사 내외 / ㅇ 지원내역 / ② K-콘텐츠 홍보·판촉 마켓 / ㅇ 모집기간 : 2026. 8. 3.(월) ~ 8. 18.(화), 오후 14:00(한국시간 기준) / 16일간 / ㅇ 모집대상 : 중국 소비자에 직접 홍보를 희망하는 국내 콘텐츠기업 / ㅇ 모집장르 : 판매가 가능한 콘텐츠 전 장르 / ㅇ 모집규모 : 15개사 내외 / ㅇ 지원내역 / ※ 지원 세부사항은 상황에 따라 추후 변동가능 / 4. 신청방법 / ㅇ 신청기간 : 2026. 8. 3.(월) ~ 8. 18.(화), 오후 14:00(한국시간 기준) / ㅇ 지원방법 : 콘텐츠수출마케팅플랫폼(Welcon)을 통한 온라인 접수 / - 접수처 바로가기",https://www.bizinfo.go.kr/sii/siia/selectSIIA200Detail.do?pblancId=PBLN_000000000125088,판로,보통,,한중 문화·푸드 페스티벌 참가. 해외 행사 참가 지원,M28
123,PBLN_000000000124726,내수,충청북도,[충북] 2026년 특화콘텐츠 마케팅 지원사업(팝업운영) 모집 수정 공고,hwp,5004,"지원내용) 충북 특화콘텐츠IP* 활용 전시·판매·홍보 및 체험형 팝업 마케팅 비용 지원 *「2026 콘텐츠 충북, 스토리 페어」의무 참여 / ※콘텐츠IP장르 : 영상, 캐릭터, 웹툰․만화, 음악, 실감콘텐츠, 게임, 디지털콘텐츠 등 순수 콘텐츠 분야 / ❍ (지원대상) 공고 시작일 기준 충청북도에 사업자 등록이 되어 있는 콘텐츠기업으로, 콘텐츠 IP를 보유하고 이를 마케팅에 활용할 계획이 있는 기업 / ❍ (지원내용) 지원금 한도 내 지역 행사 팝업 기획전 운영비 / 지원규모) 총 4개사 내외(과제별 8,000천원 내외) / ❍ (지원내용) 충북 특화콘텐츠IP* 활용 전시·판매·홍보 및 체험형 팝업 마케팅 비용 지원 *「2026 콘텐츠 충북, 스토리 페어」의무 참여 / ※콘텐츠IP장르 : 영상, 캐릭터, 웹툰․만화, 음악, 실감콘텐츠, 게임, 디지털콘텐츠 등 순수 콘텐츠 분야 / ❍ (지원대상) 공고 시작일 기준 충청북도에 사업자 등록이 되어 있는 콘텐츠기업으로, 콘텐츠 IP를 보유하고 이를 마케팅에 활용할 계획이 있는 기업 / / 지원조건) 사업기간 내 충북도내 지역 행사에 1회 이상 참여하여 팝업을 운영하여야 함 / - 충북과학기술혁신원이 주관하는 「2026 콘텐츠 충북, 스토리 페어」를 포함하여, 도내 축제·박람회·전시회 등 지역 행사 참여 / - 참여 행사별 제품 홍보 및 응대를 위한 전담 인력 배치 / - 충북 스토리 크루 개발 콘텐츠와 연계하여 공동 전시·홍보 계획을 제안한 기업 우대 / ❍ (필수요건) / - 사업기간 이내 과제 수행 완료 및 산출물 제출 필수 / - 협약 완료 후 3년",https://www.bizinfo.go.kr/sii/siia/selectSIIA200Detail.do?pblancId=PBLN_000000000124726,판로,높음,,콘텐츠IP 팝업 전시·판매·홍보 마케팅비,M28
124,PBLN_000000000119421,수출,대전광역시,[대전] 2026년 우정청 국제특송비 지원사업 모집 공고,hwp,1342,"지원내용: 국제특송비( EMS 이용) / ❍ 기업별 월 50만원, 연간 300만원 한도 / ❍ 고중량특송(70kg~2,000kg)의 경우 20% 연간 한도 내에서 지원가능 / ※ 고중량특송의 경우 기존 할인지원(12%)은 되지 않음 / □ 세부지원내용 / ❍ (우정청) 국제특송(EMS) 요금의 12% 기본할인 / ❍ (진흥원) 할인이 적용된 우편요금의 50% 지원 / □ 지원지급 / ❍ 시 기 : 제출서류 검토 후 월별 지급(익월 중) / ❍ 방 법 : 개별지급( → 지원기업) / 지원규모: 80개사 내외 / □ 지원대상: 대전광역시에 본사 또는 공장이 소재한 중소기업 / ❍ 단, 전년도 EMS를 통한 수출실적증빙 제출 필수 / ❍ 매 익월 5일 이내 상세목록* 리스트 메일 제출 필수(접수: 우정청) / * 계약고객전용 시스템(https://biz.epost.go.kr/) → 계약EMS → 접수신청 → 접수예약내역 → 엑셀 다운로드 / * 수기접수 고객은 우정청에 요청 / □ 지원 제외대상 / ❍ 사업자등록증상 도소매(무역)업, 숙박 및 음식점업, 금융",https://www.bizinfo.go.kr/sii/siia/selectSIIA200Detail.do?pblancId=PBLN_000000000119421,수출물류,높음,,국제특송(EMS) 요금 지원,M28
125,PBLN_000000000119038,내수,울산광역시,[울산] 울주군 2026년 사회적경제 온라인 판로지원사업 참여기업 모집 안내 공고,hwp,583,"지원내용 / 1. 디자인 지원 : 포장패키지 제작, BI·CI 디자인 개발 및 샘플링 지원 / 2. 콘텐츠 제작 : 제품 및 서비스별 상세페이지 제작 (신규 제작 및 기존 페이지 리뉴얼) / 3. 언론·홍보 : 카드뉴스 및 웹포스터 제작, 언론기사 작성 및 배포 등 / ○ 신청기간 및 방법 / 1. 신청기간: ‘26. 03. 03.(화) ~ 선착순마감 / 2. 신청방법: 네이버폼 https://naver.me/5zUcXfdl / 3. 관련문의: 홈페이지www.sescoo",https://www.bizinfo.go.kr/sii/siia/selectSIIA200Detail.do?pblancId=PBLN_000000000119038,판로,높음,,온라인 판로용 패키지·상세페이지·홍보 콘텐츠 제작,M28
126,PBLN_000000000123736,경영,방위사업청,2026년 퇴직공무원 사회공헌사업(방위사업 Bridge와 함께 참여해요) 컨설팅 참여기업 모집 공고,hwp,597,"<방위사업청 공고 제2026-81호> / ❏ 참가신청 / ❍ 신청기간 : 2026. 6. 25.(목) ~ 10. 30.(금) / ❍ 신청대상 : 방위사업에 관심 있는 기업 / ❍ 신청방법 : 신청서(별지) 작성하여 이메일 신청 / * 이메일 : dapabridge@korea.kr / ❏ 컨설팅 개요 / ① 컨설팅 기간 : 2026년 6월 ~ 11월 / * 컨설팅 시기, 장소, 횟수 등은 추후 협의 / ② 컨설팅 분야 : 정책, 사업, 원가 등 방위사업관련 분야 / ③ 컨설팅 내용 : 방위사업 절차, 방산원가 산정방법 및 원가 관련 규정, 청에서 주관하는 각종 지원사업 소개, 유관부서 안내 등 / ④ 컨설팅 비용 : 없음 / ⑤ 컨설팅 효과 : 방위사업 관련 정보 부족으로 인한 방산 진입장벽 해소 / ❏ 기타 / ❍ 문의사항 : 운영지원과 주무관 성신애(☏02-2079-6616)로 문의 / ※ 퇴직공무원 사회공헌사업은 방위사업청 공고 제2026-70호 「'26-2차 방산 중소기업 컨설팅 지원사업」과 다른 사업임을 안내드립니다. / * 본 사업 컨설팅 참여기업은 방산 중소기업 컨설팅 지원사업 지원 가능",https://www.bizinfo.go.kr/sii/siia/selectSIIA200Detail.do?pblancId=PBLN_000000000123736,컨설팅,높음,,방위사업 절차·원가 컨설팅(무료),M28
127,PBLN_000000000124975,기술,산업통상부,2026년 EV플랫폼 연계부품 XRㆍ디지털트윈 기술지원 기반구축 사업 기업지원 통합 공고,hwp,1674,"지원내용을 안내하오니, 참여를 희망하는 중소․중견기업의 많은 참여 바랍니다. / 2026년 4월 9일 / 한국기계연구원장 / 한국자동차연구원장 / 한국자동차부품소재산업기술연구조합 이사장 / □ 지역 자동차부품 산업의 미래차 전용플랫폼 연계부품 개발환경 고도화, 디지털전환 기술지원 인프라 구축을 통한 EV플랫폼 연계부품 기업의 기술역량 강화 / □ 신청 자격 : EV플랫폼 연계부품 XR/디지털트윈 기술 활용 관련 자동차부품기업 / □ 공통 우대사항 / - 매출(수출) 및 고용의 성과 계획 / 지원 내용 ※세부내용 하단 참고 / □ 지원 절차 및 일정 / * 일부 지원 미달로 인해 상시접수로 변경, 이메일 또는 유선 문의 후 접수 절차 진행 / □ 선정 방법 / ※ 지원금액은 평가 결과에 따라 변동될 수 있음 / ※ 접수기간 내 지원 건수 미달 시 수시접수 진행 → 지원기관 검토 후 지원 실시 / ※ 수행 및 결과보고 일정은 지원상황에 따라 실무자 간 논의 후 변동 가능 / □ 세부 내용 / ※ 항목 별 교차 중복지원 불가능 / □ 접수기간 : 2026. 4. 9.(목) ~",https://www.bizinfo.go.kr/sii/siia/selectSIIA200Detail.do?pblancId=PBLN_000000000124975,사업화,낮음,,XR·디지털트윈 기술지원. 원문 발췌가 개요뿐이라 근거가 얇다,M28
128,PBLN_000000000125179,수출,부산광역시,[부산] 2026년 국제게임전시회 지스타 BTBㆍBTC 부산공동관 참가기업 모집 공고,hwp,1688,"지원내용 ※ 지원 내용은 상황에 따라 변경될 수 있음 / 4. 지원대상 및 신청자격 / ○ 사업공고일 기준 부산광역시에 소재한 게임콘텐츠 관련 기업 / ○ 사업공고일 현재 정부, 지방자치단체 또는 공공기관의 지원사업 참여 제한 대상에 해당하지 않는 기업(국세·지방세 체납 등으로 참여가 제한된 사업자 및 개인은 신청 불가) / ○ 동일 행사와 관련하여 타 기관으로부터 중복 지원을 받지 않는 기업 / 5. 신청기간 및 신청방법 / ○ 신청기간 : 2026. 8. 5.(수) ~ 8 / 지원 내용은 상황에 따라 변경될 수 있음 / 4. 지원대상 및 신청자격 / ○ 사업공고일 기준 부산광역시에 소재한 게임콘텐츠 관련 기업 / ○ 사업공고일 현재 정부, 지방자치단체 또는 공공기관의 지원사업 참여 제한 대상에 해당하지 않는 기업(국세·지방세 체납 등으로 참여가 제한된 사업자 및 개인은 신청 불가) / ○ 동일 행사와 관련하여 타 기관으로부터 중복 지원을 받지 않는 기업 / 5. 신청기간 및 신청방법 / ○ 신청기간 : 2026. 8. 5.(수) ~ 8. 20.(목 / 지원규모 : 20개사 내외 / ○ BTC 부산공동관 부스 / - 일정/장소 : `26. 11. 19.(목) ~ 11. 22.(일) / 벡스코 제1전시장 내 / - 부스구성 : 15부스, 총면적 135㎡ / - 지원규모 : 8개사 내외 / 3. 지원내용 ※ 지원 내용은 상황에 따라 변경될 수 있음 / 4. 지원대상 및 신청자격 / ○ 사업공고일 기준 부산광역시에 소재한 게임콘텐츠 관련 기업 / ○ 사업공고일 현재 정부, 지방자치단체 또는 공공기관의 지원사업 참여 제한 대상에 해당",https://www.bizinfo.go.kr/sii/siia/selectSIIA200Detail.do?pblancId=PBLN_000000000125179,판로,높음,,지스타 부산공동관 참가,M28
129,PBLN_000000000125389,수출,충청북도,[충북] 2026년 농식품 해외 무역사절단 파견(호주) 모집 공고,hwp,2167,"지원내용: 바이어 발굴 및 상담 지원비, 상담장 임차료, 통역비, 항공료 40%＊, 현지 차량 및 기타 행정 지원 등 / ＊이코노미 기준, 1사 1인 50만원 이내 / ※ 기업부담: 항공료 일부, 물류비, 기타 체재비 등 / ❍ 타깃 시장 및 바이어 정보 제공 / - 기업 수요를 반영한 타켓마케팅(선호유형, 유치희망 바이어 사전조사) / - 현지 수출시장 현황 및 동향 안내 / ❍ 수출상담회 및 현지 시장조사 / - 사전 섭외 현지 바이어와의 1:1 수출상담회 / - 참여기 / 사업내용 : 바이어 매칭, 시장조사, 1:1 수출 상담 추진 / ❍ 지원내용: 바이어 발굴 및 상담 지원비, 상담장 임차료, 통역비, 항공료 40%＊, 현지 차량 및 기타 행정 지원 등 / ＊이코노미 기준, 1사 1인 50만원 이내 / ※ 기업부담: 항공료 일부, 물류비, 기타 체재비 등 / ❍ 타깃 시장 및 바이어 정보 제공 / - 기업 수요를 반영한 타켓마케팅(선호유형, 유치희망 바이어 사전조사) / - 현지 수출시장 현황 및 동향 안내 / ❍ 수출상담회 및 현지 시장",https://www.bizinfo.go.kr/sii/siia/selectSIIA200Detail.do?pblancId=PBLN_000000000125389,판로,높음,,농식품 해외 무역사절단 파견(호주),M28
130,PBLN_000000000122724,기술,산업통상부,[충북] 청주시 2026년 2차 공정혁신시뮬레이션센터 구축 및 운영사업 기술지원 수혜기업 모집 연장 공고,hwpx,4705,"지원내용 / m / 세부 지원내용 / * 비용지원 신청 금액은 선정평가 결과, 예산, 신청 내용에 따라 조정될 수 있음. / * 기술자문의 경우 적합성평가 제외, / 필요시 신청서 및 사업계획서 작성을 위한 기술자문 요청 가능 / 지원기관 / 세부내용 / 구분 / 지원금 / 자기부담금 / 지원규모 / 충북테크노파크 / · / 설계 및 해석 / 기술 서비스 활용 비용지원 / - / 제품 모델링(설계) 및 해석 지원 / - / 공정 모델링(설계) 및 해석 지원 / 비용지원 / 최대 1,600만원 / (기업당) / 200만원 / 이 / 지원규모 / 충북테크노파크 / · / 설계 및 해석 / 기술 서비스 활용 비용지원 / - / 제품 모델링(설계) 및 해석 지원 / - / 공정 모델링(설계) 및 해석 지원 / 비용지원 / 최대 1,600만원 / (기업당) / 200만원 / 이상 / 23개社 / 내외 / 충북테크노파크, / 한국기계연구원, / 한국과학기술 / 정보연구원, / 한국표준협회 / · 설계 및 해석 / 전문가 컨설팅 및 / 기술자문 / 현물지원 / - / - / 104개社 / 내외 / 충북테크노파크, / 한국과학기술 / 정보연구원 / · 설계 및 해석 / 장비 활용지원 / * 활용지원 장비 목록",https://www.bizinfo.go.kr/sii/siia/selectSIIA200Detail.do?pblancId=PBLN_000000000122724,사업화,낮음,,설계·해석 기술서비스 활용 비용지원. 학습셋에 같은 유형이 드물어 판정이 약하다,M28
131,PBLN_000000000121063,경영,경기도,[경기] 2026년 소상공인 사업정리 지원사업 모집 공고,hwp,2330,"지원내용 : 사업정리 컨설팅 및 사업지원금(재기장려금) 지원 / ※ 【사업정리 컨설팅】 소상공인 수요 맞춤 분야별 전문 1:1 컨설팅 제공 / ※ 【사업지원금(재기장려금)】 폐업 및 재기에 필요한 생활자금 지원(1개사 200만원) / ▢ 접수기간 / ◦ (모집공고) 2026. 4. 6.(월요일) ~ / ◦ (신청·접수) 2026. 4. 13.(월요일) 10:00 ~ 예산 소진 시까지 / ※ 접수 이후 컨설팅 수료 및 필수서류 최종 제출 순으로 예산 내 지원 / ▢ 신청방법  / 지원규모 : 320개사 내외 / ▢ 지원대상 : 도내 폐업 또는 폐업 예정 소상공인 ※ 폐업일 : '25. 1. 1. 이후 / ※ '23~'26년 경기도 동일사업 및 유사사업 기수혜자, 신청업체 외 다른 사업자등록 보유자 신청 불가 / ▢ 지원내용 : 사업정리 컨설팅 및 사업지원금(재기장려금) 지원 / ※ 【사업정리 컨설팅】 소상공인 수요 맞춤 분야별 전문 1:1 컨설팅 제공 / ※ 【사업지원금(재기장려금)】 폐업 및 재기에 필요한 생활자금 지원(1개사 200만원) / ▢",https://www.bizinfo.go.kr/sii/siia/selectSIIA200Detail.do?pblancId=PBLN_000000000121063,컨설팅,보통,,사업정리 1:1 컨설팅 + 재기장려금 200만원. 장려금은 정착보조금(컷오프미달) 성격,M28
132,PBLN_000000000117291,경영,농림축산식품부,2026년 한국식품산업클러스터진흥원 기업지원시설ㆍ장비 활용 지원사업 공고,hwp,1989,"지원내용: 신청기업이 식품진흥원과 공동 또는 의뢰하여 수행하며 보조금 지원사업이 아님 / □ 지원한도 / ※ 기업당 최대 지원금은 전 센터가 통합 관리하며 연내 한도를 초과할 수 없음 / □ 세부내용: 국가식품클러스터 기업지원시설에 구축된 개방형 장비 (시험‧분석, 생산)를 식품기업, 기관, 대학 등에 공동 활용지원 / ◦ (기술장비 활용) 기술장비의 직접 활용 및 KOLAS, 시험·검사기관, ISTA 등 인증을 기반으로 한 시험·분석 지원 / ◦ (생산장비 활용) 생산 / 지원규모: 기업별 최대 20백만원 / □ 사업비 구성: 지원금 70~20%, 기업부담금 30~80% / 〈 기업구분에 따른 기업부담비율 〉 / * 국가식품클러스터 입주기업(식품벤처센터, 청년식품창업센터 포함) 및 청년기업(만19∼만39세) / ** 식품산업 연관 중소기업 및 예비창업자(창업지원사업 등 증빙서류) / *** 식품산업 연관 중견기업(대기업 제외), 대학, 연구소 및 관계기관 등 / □ 추진체계: 식품진흥원 인력과 장비를 활용한 직·간접 지원 / □ 공고규모:  / 지원한도 / ※ 기업당 최대 지원금은 전 센터가 통합 관리하며 연내 한도를 초과할 수 없음 / □ 세부내용: 국가식품클러스터 기업지원시설에 구축된 개방형 장비 (시험‧분석, 생산)를 식품기업, 기관, 대학 등에 공동 활용지원 / ◦ (기술장비 활용) 기술장비의 직접 활용 및 KOLAS, 시험·검사기관, ISTA 등 인증을 기반으로 한 시험·분석 지원 / ◦ (생산장비 활용) 생산장비의 직접 활용 및 GMP, HACCP, 스마트 HACCP, 유기가공식품 인증시설 기반 시",https://www.bizinfo.go.kr/sii/siia/selectSIIA200Detail.do?pblancId=PBLN_000000000117291,사업화,낮음,,"식품클러스터 개방형 장비(시험·분석, 생산) 공동활용. 학습셋에 장비활용 유형이 거의 없다",M28
133,PBLN_000000000125297,내수,충청북도,[충북] 2026년 충북조달박람회 개별참가 지원사업 재공고,hwp,991,"지원내용 : 충북조달박람회 참가 부스 임차료 지원 / * 125만원 한도(VAT 제외), 기업당 연 1회/ 조달박람회 1부스 / ○ 지원대상 : / - 도내 소재하는 본사 또는 공장등록을 필한 중소기업 / - 제조업 또는 제조업관련 서비스업을 영위하는 업체 / ○ 조달박람회 문의 : 043-218-3443 / ○ 지원제외대상 / ① 필수제출 서류 미제출 및 신청서가 허위인 경우 / ② 국세, 지방세 등의 체납이 있는 경우 / ③ 중소기업 기본법상 중소기업 범위에 해당되지 않는 기 / 지원규모 : 10개사 / ○ 지원내용 : 충북조달박람회 참가 부스 임차료 지원 / * 125만원 한도(VAT 제외), 기업당 연 1회/ 조달박람회 1부스 / ○ 지원대상 : / - 도내 소재하는 본사 또는 공장등록을 필한 중소기업 / - 제조업 또는 제조업관련 서비스업을 영위하는 업체 / ○ 조달박람회 문의 : 043-218-3443 / ○ 지원제외대상 / ① 필수제출 서류 미제출 및 신청서가 허위인 경우 / ② 국세, 지방세 등의 체납이 있는 경우 / ③ 중소기업 기본법상 중소",https://www.bizinfo.go.kr/sii/siia/selectSIIA200Detail.do?pblancId=PBLN_000000000125297,판로,높음,,충북조달박람회 참가 부스 임차료,M28
134,PBLN_000000000117561,수출,경상남도,[경남] 진주시 2026년 수출물류비 지원사업 참여업체 모집 공고,hwp,1513,"지원내용 : 항공 및 해상을 통한 수출품에 대한 물류비 지원 / - 수출을 위한 국외 운송비, 국‧내외 하역비 및 창고비 / - 2026년 수출신고필증을 득한 건에 한하여 지급 / (2026년 1월 1일 ~ 소급 적용, 여러 건 합산 가능) / ❍ 세부 지원항목 / ❍ 지원규모 : 20개사 내외 (업체별 최대 200만원 이내) / ❍ 지원제한 / - 유통·도소매·비제조 무역업종 및 농·수산물 제외 / - 지방세 체납이 없어야 하며, 동 수출건 관련 타 기관, 단체, 협회 등 / 지원규모 : 20개사 내외 (업체별 최대 200만원 이내) / ❍ 지원제한 / - 유통·도소매·비제조 무역업종 및 농·수산물 제외 / - 지방세 체납이 없어야 하며, 동 수출건 관련 타 기관, 단체, 협회 등 으로부터 중복 수혜 불가 / ❍ 수행기관 : 한국무역협회 경남지역본부 / 신청 및 접수방법 / ❍ 신청기간 : 2026. 1. 15. ~ 12. 15. (사업비 소진 시 마감) / ❍ 신청자격 : 진주시에 본사 및 공장을 둔 중소 제조업체로 전년도 직수출실적 / 5,0",https://www.bizinfo.go.kr/sii/siia/selectSIIA200Detail.do?pblancId=PBLN_000000000117561,수출물류,높음,,항공·해상 수출물류비(운송비·하역비·창고비),M28
135,PBLN_000000000125151,창업,대전광역시,2026년 딥테크 창업기업 기술지원사업 LAB TO CITY (L2C)ㆍ반도체 공고,hwp,1156,"지원내용 / ○ 나노종합기술원 신뢰성 및 분석 장비 사용료 지원 (2,000만원) / * 나노종합기술원 규정에 명시된 할인율 적용으로 실사용료는 상향 / ○ 분석 결과 기술 컨설팅 (전담 연구원 매칭) / □ 접수기간 / ○ 2025. 08. 7.(금) ~ 2026. 08. 20.(목), 16시까지 / □ 접수(서류) 및 문의 / ○ 이메일 : woojinyun@nnfc.re.kr / ○ 문의 : 042-366-1733 / ○ 제출서류 / * 제출서류는 공고게시일로부터 3개월 이 / 지원규모) 총 5개 기업 선발/기업당 2,000만원 기술원장비사용료 지원 / ○ (지원기간) 협약 체결일로부터 3개월 이내 (2026. 9.~2026. 11.) / □ 모집대상 / ○ 다음 각 호의 요건을 모두 충족하는 기업 / - 사업자등록증 기준 창업일로부터 7년 이내인 중소기업 / - 대전광역시 내 사업장을 보유한 기업 / - 나노·소재·반도체·바이오·ICT 융합 분야 창업기업 / - 국세 및 지방세 체납이 없는 기업 / □ 진행일정 / * 상기 일정은 추후 변동",https://www.bizinfo.go.kr/sii/siia/selectSIIA200Detail.do?pblancId=PBLN_000000000125151,사업화,낮음,,나노종합기술원 분석장비 사용료 2천만원 + 분석 컨설팅. 장비활용 유형,M28
136,PBLN_000000000119892,금융,대구광역시,[대구] 2026년 중소기업경영안정자금  지원계획 변경 공고(이자지원),hwp,8075,"지원사항 : 이차보전 / - 지원기간 : 1년 / - 이차보전율(이자지원율) ※ 기업부담금리 : 대출금리 - 이차보전율 / ※ 전환자금, 대구형 전통시장·골목상권 활력자금, 지역전략산업육성자금의 경우 자금별 세부사항 참고 / ·고용인원 1인 이상 5인 미만(사업주 제외) 기업 추가지원 0.2% / ·청년·영세기업 추가지원 0.2%(동시충족) / ※ 단, 청년은「청년기본법」제3조제1항에 따른 만34세 이하, 영세기업은「부가가치세법 시행령」제109조제1항에 따른 간이과세자 / 융자조건 / - 대출기간 : 1년 거치 약정 상환 / - 대출금리 : 기업신용도 등을 고려하여 대출 취급은행에서 정함 / 단, 보증서 담보(85% 이상) 시, 금리 최대 1년간 5.5% 이하 / (이자지원 기간 1년간 상한금리 적용, 상한금리 조정 시 별도 공고) / ※ 중견기업 지원자금 보증서 담보 대출 상한금리 적용 제외 / ※ 재창업특례보증(재단)의 대출금리는‘재창업특례보증 업무협약’제8조 / 제1항에 따른 금리 적용(동조 제2항 적용 불가) / - 협력은행 :",https://www.bizinfo.go.kr/sii/siia/selectSIIA200Detail.do?pblancId=PBLN_000000000119892,융자,높음,,중소기업경영안정자금 이차보전,M28
137,PBLN_000000000118209,인력,중소벤처기업부,2026년 중소기업 연구인력지원사업 공고,hwpx,26972,"지원내용) / 기준 연봉 / 의 / 50% 이내 지원 / (기업별 1명, 최대 3년간) / - / ① / 기본 지원금 / (기준연봉의 / 40% 지원 / ) , / ② / 장기근속 노력기업 추가지원 / (장기근속을 위한 제도적 투자를 이행 / * / 하는 기업에 / 50%(+10%p) 지원 / ) / * / 협약체결일(’26.6.1)로부터 1개월 이내(’26.7.1)에 지원인력의 / 내일채움공제 가입 완료 / 또는 협약체결일 / (’26.6.1) 기준으로 1년 이내에 지원인력의 계약학과(중기부) 학위과정 지원 / * / * / 협 / 지원 내용 / Level 1 / 중소기업이 필요로 하는 연구인력을 인력혁신센터에서 매칭 지원 / Level 2 / 중소기업에 인턴으로 채용된 예비 연구자의 학위별 지원금 / * / 지원 / 구분 / 정부지원금 / 지원(인턴)기간 / 비고 / 학사 / 월 130만원 / 2~4개월 / 4대 보험 가입 필수 및 최저시급 이상 기업 지급 의무 이행 / 석사 / 월 160만원 / 2개월 / 박사 / 월 190만원 / < 학위별 지원금 기준> / Level 3 / 인턴과정을 수료한 신진연구자에 대해 기업 내 멘토링 방식의 R&D 프로젝트 / (4~6 / 지원규모) / 신규 775개 과제 내외 / 분야 / 구분 / 내역사업명 / 개발기간 및 지원규모 / 비고 / 채용 / 󰊱 / 신진 연구인력 채용지원 / 최대 3년, 신규 260개 / (일반 210개, 레전드50+ 50개) / 과제 내외 / 기업당 최대 1명 / (신진, 고경력 동시수행 불가) / 󰊲 / 고경력 연구인력 채용지원 / 최대 3년, 신규 85개 / (일반 75개, 레전드50+ 10개) 과제 내외 / 기업당 최대 1명 / (신진, 고경력 동시수행 불가) / 파견 / 󰊳 / 공공연 연구인력 파견지원 / 최대",https://www.bizinfo.go.kr/sii/siia/selectSIIA200Detail.do?pblancId=PBLN_000000000118209,고용보조,높음,,"연구인력 기준연봉 50% 이내, 최대 3년",M28
138,PBLN_000000000117992,기술,과학기술정보통신부,2026년 나눔장비 이전지원사업 모집 공고,hwp,4422,"지원내용 / ◌ 지원항목 : 연구장비 이전･설치에 소요되는 비용 / - [사전점검비] 이전신청 연구장비 사전점검 비용(외부 장비전문가 활용비) / - [장비이전비] 연구장비의 이전·설치 시 발생하는 비용 / - [장비수리비] 연구장비의 이전 후 사용에 필요한 수리 비용(소모품비 제외) / ◌ 지원규모 : 장비 당 취득금액의 20% 이내(최대 6천만원) 지원 / ※ ’25년 대비 ’26년의 지원규모가 2배 상향(취득금액 10% → 취득금액 20%)되었으므로, 이전지원금액은  / 지원규모 : 장비 당 취득금액의 20% 이내(최대 6천만원) 지원 / ※ ’25년 대비 ’26년의 지원규모가 2배 상향(취득금액 10% → 취득금액 20%)되었으므로, 이전지원금액은 예산소진에 따라 조기 마감 가능 / □ 신청자격 / ◌ 지방자치단체, 공공기관, 교육기관, 연구기관, 국가보훈단체, 연구개발 또는 국산 장비개발 관련 중소기업* 등 / * ｢중소기업기본법｣ 제2조제1항 및 동법 시행령 제3조(중소기업의 범위)에 따른 기업. / 다만, 제작사의 제작장비에 대한 이",https://www.bizinfo.go.kr/sii/siia/selectSIIA200Detail.do?pblancId=PBLN_000000000117992,,보통,컷오프미달,연구장비(학습 4건). 연구장비 이전·설치비 지원,M28
139,PBLN_000000000119434,금융,고용노동부,2026년 (예비)사회적기업 이차보전 지원계획 공고,hwp,3218,"지원내용: 운전자금 대출에 대해 이자차액 2.5%p 지원 / - 이차보전 적용 대출한도: 최대 2억 / 우대기업* 최대 3억 / * 우대대상: ‘23~’26년 한국사회적기업진흥원 SVI 측정 탁월·우수 기업 / - 대출기간: 1년 만기일시상환(1년 단위 연장, 최대 10년 이내) / ㅇ 지원(이차보전)기간: 대출 실행일로부터 만 1년(12개월) / ㅇ 신청기간: 2026년 2월 10일 ~ 예산 소진 시 / ㅇ 사업 구조 / 󰊲 사업내용 / ㅇ 지원대상: (예비)사회적기업 / / 사업내용 / ㅇ 지원대상: (예비)사회적기업 / ㅇ 지원내용: 신용보증부 대출에 대한 이차보전 / - 이차보전 적용 대출한도: 기본 최대 2억 / 우대기업 최대 3억 / - 자금용도: 신규 운전자금 ※ 대환 용도 사용 금지 / - 적용금리: 은행 대출금리에서, 이차보전 2.5%p 차감 금리 적용 / - 대출기간: 1년 만기일시상환(1년 단위, 최대 10년 이내 연장) / - 중도상환수수료: 전액 면제 / ㅇ 협약기관 및 역할 / - 고용노동부/사회적기업진흥원, 신용보증기금",https://www.bizinfo.go.kr/sii/siia/selectSIIA200Detail.do?pblancId=PBLN_000000000119434,융자,높음,,(예비)사회적기업 운전자금 이차보전 2.5%p,M28
140,PBLN_000000000124442,기술,중소벤처기업부,[경북] 청도군 2026년 스마트산업ㆍ문화관광 융합 신성장 지원사업 공고(시군구연고산업육성사업ㆍ스마트 기술 컨설팅),hwp,1192,"지원규모) 총 8,500천원 / ㅇ (지원기간) 협약일로부터 2026.10.30. 까지 / ㅇ (지원대상) 청도군에 소재(본사, 공장 기준)한 중소기업을 대상으로 하며, 농산업, 제조가공, 문화관광 관련 사업자 지원 / ㅇ (지원방법) 수혜기업 선정 후 간접지원 (전문가 매칭 및 자문료 지급) / ＊ 담당기관이 자문 전문가를 매칭하고, 전문가에게 자문료를 입금하는 간접지원 방식 / ＊ 담당기관의 검토 및 판단에 따라 1개 사당 복수 건의 지원이 가능 / ㅇ (지원프로그램",https://www.bizinfo.go.kr/sii/siia/selectSIIA200Detail.do?pblancId=PBLN_000000000124442,컨설팅,높음,,전문가 매칭·자문료 간접지원(스마트 기술 컨설팅),M28
141,PBLN_000000000120897,내수,전남광주통합특별시,[전남] 2026년 수산가공제품 박람회 참가 지원사업 공고,hwp,4541,"지원내용 : 부스 임차료, 시설 장치비, 홍보물 제작비 / - 부스임차료 및 시설장치비는 자부담 및 부가세 제외 최대 300만원 내 지원 / - 홍보물(리플렛, 카탈로그, 동영상, 홍보판촉물 등) 제작비는 최대 100만원 이내, 단 홍보물에는 해당 박람회 명이 명시되어야 증빙으로 인정 / ❍ 지원한도 : 기업당 최대 300만원 이내 / ❍ 지원비율 : 지원 한도 내 실제 집행비용의 90% 이내 / <참가비 예시 / 부가세 별도> / ※ 홍보비는 최대 100만원까지 지원가능하 / 지원한도 : 기업당 최대 300만원 이내 / ❍ 지원비율 : 지원 한도 내 실제 집행비용의 90% 이내 / <참가비 예시 / 부가세 별도> / ※ 홍보비는 최대 100만원까지 지원가능하며, 초과비용은 자부담 원칙 / 2. 신청안내 / ❍ 접수기간 : 지원금 소진 시까지 상시 접수 / ❍ 신청방법 : 이메일 접수 / - 메일 : wwoww@jepa.kr(PDF파일 전송) / ❍ 제출서류 : 박람회 참가 신청서·목록 확인서 및 부속서류 / ❍ 문 의 처 : 전남중소기업일자리경제진흥원",https://www.bizinfo.go.kr/sii/siia/selectSIIA200Detail.do?pblancId=PBLN_000000000120897,판로,높음,,수산가공제품 박람회 부스임차료·장치비·홍보물,M28
142,PBLN_000000000117579,금융,충청북도,[충북] 단양군 2026년 소상공인 융자금 이차보전 지원사업 공고,hwp,728,"지원내용 / ❍ 융자한도: 업체당 최대 7천만원 이내 / ❍ 융자기간: 5년이내 일시상환(1년마다 기한연장) / ❍ 이차보전: 약정 이자율 중 연 3.0% 이내 / ❍ 지원기간: 3년 / ❍ 지원방법: 금융기관에 직접 이자 지원 / ❍ 융자(대출)기관: NH농협은행 단양군지부 / 4. 지원신청 및 접수 / ❍ 접수기간: 2026. 1. 2. ~ 자금 소진시까지 / ❍ 접 수 처: 충북신용보증재단 제천지점[☎043)249-5790] / ❍ 신청방법 / ❍ 구비서류: 사업자등록증, 임",https://www.bizinfo.go.kr/sii/siia/selectSIIA200Detail.do?pblancId=PBLN_000000000117579,융자,높음,,소상공인 융자금 이차보전 연 3.0%,M28
143,PBLN_000000000122191,경영,경상북도,[경북] 2026년 소상공인 사회보험료 지원 사업 참여자 모집 공고,hwp,1966,"지원내용) 2026년 1∼12월분 보험료 납부액의 10∼40% 지원 / * 소상공인시장진흥공단에서 시행 중인「2026년 자영업자 고용보험료 지원사업」중복수혜 가능 / <고용보험료 지원> / <산재보험료 지원, 2026년 도소매/음식/숙박업 요율 기준> / ※ (고용·산재) 월 보험료는 실제 보험료와 차이가 있을 수 있음, 원단위 절사하여 지원 / □ (조기종료) 2026년 사업예산 소진으로 인해 접수 기간 내 신청이 되었다고 하더라도 지원금이 지급되지 않을 수 있음 / □ (선정통보",https://www.bizinfo.go.kr/sii/siia/selectSIIA200Detail.do?pblancId=PBLN_000000000122191,,높음,컷오프미달,사회보험료(학습 1건). 고용·산재보험료 10~40% 지원,M28
144,PBLN_000000000117676,경영,중소벤처기업부,2026년 희망리턴패키지 원스톱폐업지원 소상공인 모집 공고,hwp,2518,"지원내용) ➀사업정리컨설팅, ➁점포철거비, ➂법률자문, ➃채무조정 / ※ ➀ ∼ ➃ 중복신청 가능 / < 원스톱폐업지원 추진절차 > / * 소상공인24(sbiz24.kr) : 점포철거비 / 희망리턴패키지(hope.sbiz.or.kr) : 사업정리컨설팅, 법률자문, 채무조정 / □ 신청자격 : 사업공고일 기준, 폐업(예정) 소상공인으로 다음 요건을 모두 만족해야 함 / □ 지원규모 : 총 12,000건 내외 / □ 지원내용 : 분야별 전문가를 통한 1:1 대면 컨설팅 제공 / / 지원규모) 44,250건 내외 / 193,200백만원 / □ (지원내용) ➀사업정리컨설팅, ➁점포철거비, ➂법률자문, ➃채무조정 / ※ ➀ ∼ ➃ 중복신청 가능 / < 원스톱폐업지원 추진절차 > / * 소상공인24(sbiz24.kr) : 점포철거비 / 희망리턴패키지(hope.sbiz.or.kr) : 사업정리컨설팅, 법률자문, 채무조정 / □ 신청자격 : 사업공고일 기준, 폐업(예정) 소상공인으로 다음 요건을 모두 만족해야 함 / □ 지원규모 : 총 12,000건 내외 / □ 지 / 지원한도 차등 적용 (’25년 7월 11일 기준) / * 전자세금계산서 상 공급가액만 지원하며(부가세 지원 제외), 반드시 국세청에 / 사업자등록이 되어있는 업체를 통해 철거해야 함 (자력철거 시 지원불가) / □ 신청자격 : 사업공고일 기준, 다음 요건을 모두 만족해야 함 / □ 추진절차 / < 철거 예정자 > / ※ 신청서류 제출 : 1차신청서류(사업신청 시) → 2차정산서류(철거비 정산 시) / < 기 철거자 > / ※ 신청서류 제출 : 1차신청서류 + 2차정산서류 <사업신",https://www.bizinfo.go.kr/sii/siia/selectSIIA200Detail.do?pblancId=PBLN_000000000117676,컨설팅,보통,,희망리턴패키지 - 사업정리컨설팅·법률자문·채무조정·점포철거비 복합,M28
145,PBLN_000000000117588,금융,강원특별자치도,[강원] 춘천시 2026년 중소기업 특례보증 지원계획 공고,hwp,1497,"지원내용: 특례보증(완화된 보증심사 기준 적용) 추천을 통한 자금 대출을 위한 / 보증서 발급 지원 / ❍ 보증기간: 최대 4년 이내 / 󰊲 특례보증 제외 대상 / ❍ 융자추천 한도액을 넘은 기업 / ❍ 신청일 기준 휴‧폐업 중인 기업 / ❍ 세금(국세 또는 지방세)을 체납 중인 기업 / ❍ 신청일 기준 춘천시 육성자금 지원 종료 후 2년 이내인 기업 / ❍ 금융기관으로부터 불량거래로 규제 중인 기업(대출이 불가능한 기업) / ❍ 대기업이 발행주식 총수 또는 출자총액의 50% / 지원규모: 75억 원 / ❍ 지원대상: 신청일 현재 춘천시에 사업장을 소재한 중소기업 및 소상공인 중 / ① 중소기업: 제조업, 정보통신산업, 지식산업 영위 업체 / ② 소상공인: 사치 및 향락 등 제외 전업종 (*붙임1 참조) / ❍ 보증한도: 중소기업(1억원), 소상공인(5천만원) / ❍ 자금용도: 기업경영을 위한 운전자금 / ❍ 지원내용: 특례보증(완화된 보증심사 기준 적용) 추천을 통한 자금 대출을 위한 / 보증서 발급 지원 / ❍ 보증기간: 최대 4년 이내 / 󰊲 특례",https://www.bizinfo.go.kr/sii/siia/selectSIIA200Detail.do?pblancId=PBLN_000000000117588,보증,높음,,춘천시 중소기업 특례보증,M28
146,PBLN_000000000124665,기타,서울특별시,[서울] 2026년 2차(하반기) 예비사회적기업(지역형) 지정계획 공고,hwp,8982,사업내용을 이해할 수 있도록 상세히 작성(필요시 별지작성) / [ 서식 2-1 ] / [ 서식 2-2 ] / [ 서식 2-3 ] / [ 서식 2-4 ] / [ 서식 2-5 ] / [ 서식 3 ] / [ 서식 4 ] / [ 서식 5 ],https://www.bizinfo.go.kr/sii/siia/selectSIIA200Detail.do?pblancId=PBLN_000000000124665,,보통,컷오프미달,자격인증(학습 8건). 예비사회적기업 지정. 원문 발췌가 서식 목록뿐이라 근거가 얇다,M28
147,PBLN_000000000119518,기술,전북특별자치도,[전북] 2026년 에너지산업융복합단지 공동연구장비 활용 및 컨설팅 지원 수혜기업 모집 공고,hwp,2723,"지원분야) / - 전북테크노파크 보유 장비 대상 공동연구장비 활용 지원 / - 에너지 관련 기업 애로사항(기술, 경영, 마케팅, 디자인, 특허 등) 해결형 컨설팅 지원 / ◦ (지원기간) 상시접수(~`26. 9. 4.까지)※ 예산 소진시 지원 조기마감 / ◦ (지원규모) / * 공동연구장비 활용 지원 신청시 신청 전 수요 장비 활용 가능 유무 확인 필요 / ※ 지원비는 선정기업을 거치지 않고 전북TP에서 직접 부담하며, 선정기업의결과서류 제출 확인 이후 지급 대상에게  / 지원규모) / * 공동연구장비 활용 지원 신청시 신청 전 수요 장비 활용 가능 유무 확인 필요 / ※ 지원비는 선정기업을 거치지 않고 전북TP에서 직접 부담하며, 선정기업의결과서류 제출 확인 이후 지급 대상에게 지급함 / ◦ (지원대상) 새만금 에너지산업융복합단지* 내 에너지 관련 기업** / - 본사업을 통해 旣지원받은 횟수가 2회 미만인 기업 / (0~1회 旣지원 받은 기업 가능/2회 旣지원 받은 기업 불가능) / * 군산2국가산단, 새만금산단 1·2·5·6공구, 부",https://www.bizinfo.go.kr/sii/siia/selectSIIA200Detail.do?pblancId=PBLN_000000000119518,컨설팅,낮음,,공동연구장비 활용 + 애로 해결형 컨설팅 복합. 장비활용 쪽이 앞에 온다,M28
148,PBLN_000000000124545,인력,경상북도,2026년 경북 그린바이오 벤처 캠퍼스 기업지원 프로그램(고용창출) 수혜기업 모집 공고,hwp,2742,"[포항테크노파크 공고 제2026-176호] / 2026년 그린바이오 벤처 캠퍼스 기업지원 / 프로그램(고용창출) 수혜기업 모집 공고 / * 그린바이오 산업 : 농업생명자원에 생명공학 기술 등을 적용, 농업 및 전‧후방산업 전반에 대해 / 부가가치를 창출하는 新산업 / □ 사업 목적 / ◦ 그린바이오 산업 6대* 유망분야 중소벤처 기업의 창업 보육을 통한 성장 도모 / * 6대 유망분야 : 동물용의약품, 미생물, 식품(대체식품), 천연물 소재, 곤충, 종자 등 농식품부 그린바이오 산업 육성전략에 제시된 분야 / ◦ 경북·포항지역의 그린바이오 산업 전문인력의 신규 일자리 창출 지원 / □ 지원 대상 및 내용 / □ 신청 제한 / □ 신청·접수 기간 : 상시모집(2026.7.20. ~) / □ 신청 방법 : 온라인 접수 / ◦ (재)포항테크노파크 홈페이지(www.ptp.or.kr) 사업공고에서 사업 신청 양식 다운로드 및 사업신청 등록 / ※ 신청 마감 후, 접수된 사업계획서 등 자료 일체는 변경 및 반환 불가. / ◦ 문 의 처 : (재)포항테크노파크 바이오사업본부 그린바이오산업팀 / 박동규 선임연구원, 054-262-4215, kei@ptp.or.kr / □ 제출 서류(필수) / ※ 필수서류 미제출 시, 지원 대상에서 제외됨 / ※ 신청서는 공고문에 첨부된 양식을 준수하며, 변경 및 임의 양식사용 불가 / ※ 신규고용은 공고일로부터 3개월 이전 고용자까지 신규고용으로 인정함. 단, 지원금은 (재)포항테크노파크에서 발송한 선정 공문을 수령한 날부터 계상/지급 가능함 / ※ 사업기간 內(26년 8월~12월) 동안 고용이 유지된 기업에 한하여 인정 / ※ 26년 12월, 급여 지급내역서는 고용 유지 확약서로 대체(향후, 인건비 지급서류 제출) / □ 평가 및 선정 절차 / ※ 상기 일정은 사",https://www.bizinfo.go.kr/sii/siia/selectSIIA200Detail.do?pblancId=PBLN_000000000124545,고용보조,보통,,그린바이오 벤처캠퍼스 고용창출 프로그램. 창업보육과 경계,M28
149,PBLN_000000000125004,수출,과학기술정보통신부,2026년 일본 디지털 시장개척단 참가기업 모집 공고,hwp,1227,"지원 내용 / ㅇ (현지 마케팅 행사) 현지 바이어 발굴·매칭, B2B 상담 운영 지원, 참가기업별 상담 공간(책상, 모니터, 인터넷 제공 등) 제공, 기업소개자료 제작 등 / ※ 전시 공간은 자체 행사 공간을 임차하여 진행할 예정이며, 본 사업 지원기업을 포함한 총 30여개의 한국 기업 현지진출 전시부스 구축 예정 / ㅇ (현지 네트워킹) 현지 진출에 도움이 될 수 있는 주요 기관 또는 기업, 우리기업 간 네트워킹 구축 활동 지원 / ※ 네트워킹 활동은 행사 주관기관",https://www.bizinfo.go.kr/sii/siia/selectSIIA200Detail.do?pblancId=PBLN_000000000125004,판로,높음,,일본 시장개척단 - 바이어 매칭·B2B 상담·전시부스,M28
150,PBLN_000000000117336,경영,경상북도,2026년 고령군 국내ㆍ외 단체 관광객 유치 여행사(기관) 인센티브 지원 공고,hwp,3852,"지원내용 / ※ 유료 체험프로그램(해당 사업장에 한하여 인정) / 1. 사전계획서 제출 (여행사 → 군) ※ 신청 전 사전협의 필수 / ❍ 제출기한 : 여행 10일 전까지 / ❍ 제출서류 / · 단체관광객 유치 사전계획서 1부(별지 제1호) / · 여행일정표 1부(별지 제1-2호) / · 관광사업등록증 및 사업자등록증 사본 각 1부.(원본대조필) / ❍ 제출방법 : 방문접수, 등기우편, 이메일 (제출 후 확인전화 필수) / ❍ 접 수 처 /  주 소 : 경북 고령군 대가야읍 대가",https://www.bizinfo.go.kr/sii/siia/selectSIIA200Detail.do?pblancId=PBLN_000000000117336,,높음,대상밖-관광,여행사 관광객 유치 인센티브. 기존 50건에서도 같은 사유로 제외했다,M28
